,review,label
0,참|.|...........|답|없|는|영화|한편|추가|요|!|!!!|영화|참|자|~~|알|만|드셨|네요,1
1,굿,1
2,주변|에|적|은|만들|지|말|자|라는|교훈|을|얻|었|다|.,1
3,재|기발|랄|.|최고|의|성장|영화|.,1
4,정말|좋|았|다|!|최고|!|!!,1
5,"재밌|네|,|,|재밌|다|.|끝|까지|지루|하|지|않|고|보|는|싸구려|7|광|군지|돈|쳐|들|인|영화|들|보다|낫|네",1
6,마지막|화|빼|고|볼|만|하|다가|아니|라|재밌|다|그냥|ㅇㅇ,1
7,스텝업|짱|임,1
8,처음|오토바이|개|허|세씬|부터|알|아|봤|다|.|밑|도|끝|도|없이|괴물|부터|나오|네,0
9,"ceo|1|****|께서|지민|이|에|대해|물|어|봐|주|셨|는데|,|제|생각|엔|지민|이|는|세상|을|떠나|지|않|았|을까|라는|'|예상|'|을|해|봅니다|.|아이|들|이|실종|되|면|그|아이|들|의|물건|을|관찰|하|는|데|일반|적|으로|현세|에|미련|이|없|는|아이|들|은|자신|의|물건|을|챙기|지|는|않|기|때문|입니다",1
10,배경|이|다|CG|라는|데|영상미|하나|는|진짜|최고|임,1
11,다소|잔인|한|소재|를|다루|지만|푸|는|방식|이|신박|하|다|.|굿|.,1
12,요|정도|가지|고|미국|영화|를|물리친다는|것|은|한|여름밤|의|꿈|이|다|.|분발|하|라|.,0
13,"리|는|책임감|이|강하|다|,|받|은|걸|고스란히|돌려주|는|사람|이|다|.|스스로|사랑|하|는|법|을|몰랐|고|,|그래서|애정|에|집착|했|다|.|그녀|는|사랑|받|기|원했|다|.|그녀|주위|에서|그녀|에게|책임지|길|원했|고|,|그|결과|는|그녀|혼자|감당|해야|했|다|.|단순히|영화|평|이|지만|,|닮|았",1
14,"원|컷|이|였|다는|점|에서|5|점|,|시간|이|갈수록|결말|예상|에|-|1|점|나름|반전|영화|긴|한데|.|..|ㅋㅋㅋ|휴",0
15,모|랄까|.|....|참|좋|은|영화|다|.,1
16,"제작진|의|노력|이|보이|는|작품|,|재방|더|이상|안|해|주|나|.|...",1
17,배우|들|이|아깝|다|.|스토리|도|매끄럽|지|못하|고|억지로|감동|적|인|척|하|는|엔딩|.|차라리|멤버|각자|의|인생|을|좀|더|보여|주|었|다면|.|..,0
18,"진짜|1|,|2|편|은|언제|봐도|안|질려|요|대박",1
19,보다|껏|다|노|잼|일|베|가|더|잼|있|다,0
20,잔인|하|지|도|불편|한|감정|도|안|든다|.|억지|반전|때문|에|오히려|짜증|만,0
21,어릴|때|봤|던|최고|의|영화|.|.|!|!|박남정|최고|!|!!!!!!!!!,1
22,찌질|이|아빠|가|험난|한|세상|을|살|아|갈|딸|에게|마지막|으로|주|는|최고|의|선물|.|..|격정|적|이|고|아름답|다|.|초기|작인|노리코|의|식탁|보단|대중|적|이|고|친절|해진|듯|.|.|김지운|같|은|겉멋|에|만|찌든|한국|감독|들|이|본받|을|점|도|많|고|.|..,1
23,옛날|에|봤|던|건데|재밌|다|ㅋㅋㅋ,1
24,"""|마음|한|곳|이|꽉|차|는|듯|한|느낌|이|다|.|.|""""|정의|""""|익숙|한|단어|였|지만|그|의미|는|모호|했|다|.|이|영화|를|보|며|""""|정의|""""|라는|게|무엇|인지|보여|주|었|다|.|배트맨|비긴즈|는|영화|라는|틀|을|넘|어|인생|을|보여준다|.|""",1
25,재미있|지라|~~|오오미|~|순수|한|북한|동무|를|주|적|이|라는|리|명박|정부|는|반성|해야|된|당께|~~,0
26,본드|걸|2|명|클|래스|에|4|점|끝|영화|로서|는|구리|다,0
27,스토리|가|부실|하|고|코믹|적|면도|부족|하|다|그렇|다고|감동|이|있|는|것|도|아니|다,0
28,너무|좋|아|ㅋ,1
29,오지명|식|코믹|?|??|키키|키키|키,0
30,물|이|포도주|로|변하|는|진정|한|마술|적|힘|을|가진|순수|영화,1
31,재밌|었|음|.|특히|노래방,1
32,정말|간만에|즐거운|영화|였|어요|!|!^^,1
33,이|영화|10|점|준|사람|은|이|영화|감독|식구|들|이|냐|.|..|내|가|본|액션|중|에|.|최악|이|다|스토리|연출|둘|다|1|점|도|아까움|.|영화|보|고|빡|쳐서|댓글|달|긴|처음|이|네,0
34,코믹|과|로맨스|의|적절|한|조화|!|영화|보|는|내내|빵|터졌|닼|ㅋㅋ|오히려|광고|보고|예상|했|던|것|보다|재밌|다|!,1
35,문|리버|~|음악|과|영상|이|조화|로운|아름다운|영화,1
36,"누구|나|동등|한|권리|를|보장|받|고|,|정당|한|권리|를|요구|할|수|있|는|것|.|그것|이|정의|다|.",1
37,그대|들|에게|박수|를|!,1
38,3|점|주|려다|4|점|준다,0
39,애니|다운|맛|이|없|는|조악|한|이야기,0
40,내사랑|주지훈,1
41,내용|전개|가|없|음|.|몇|일|째|그대로|.|..|그래서|요즘|안|본다|재미없|어서,0
42,"딴|사람|들|은|어떠|케|생각|할진|모르|겠|지만|내|가|볼땐|재밌|든데요|.|..|달갱이|캐릭터|도|머|라지|.|..|완벽|한|순수|함|?|?|그런|거|같|고|ㅋㅋㅋ|변강|쇠|캐릭터|도|쫌|ㅄ|같|긴|하|지만|진실|하|고|감성|적|인|그런|거|ㅋㅋ|무튼|!|!!|내|가|본|한국|코믹|,|멜로|중|에서|는|제일|잘|찍|은|거|같|아|!|!",1
43,진구|는|이런|역할|이|별로|안|어울리|는|건지|아님|연기력|이|모자란|건지|.|.|보영|은|아직|신인|때|라|그런지|조금|미성숙|한|연기|임|.|.|그리고|영화|내용|이나|연출|도|많이|떨|어|지내|요|.|..,0
44,1|편|을|재미있|게|봐서|2|편|도|기대|하|고|봤|는데|.|.|보다|잤|어요|.|잔인|하|긴|한데|지루|해요|.,0
45,예전|의|국민|여동생|이|아닌|듯|하나|연기|하|는|게|예전|같|지|않|은|듯|뭔가|아쉽|네요|.|예전|엔|귀여웠|는데|.,0
46,보|는|내내|주인공|을|욕하|며|봤|다|.|.|조금|도|감정|이|입|이|안|되|더라|.|.|이런|영화|가|아카데미|상|을|수상|했|는지|의문|스럽|다|.|.,0
47,오즈|의|영화|도|정서|적|학대|와|충격|요법|을|행할|수|있|다,1
48,오글거리|고|눈살|을|찌푸리|게|만들|정도|로|진부|하|고|쥐어짜|는|눈물|.,0
49,약간|창조성|이|부족|한|거|같|아서|점수|를|높|게|줄|수|없|엇|다|.,0
50,닉|vs|여주|핵|발암|핵|쓰레기|두|명|땜|에|도데체|몇|명|이|피해|를|보|는|거|냐|ㅋ|.|.,1
51,이거|평점|왜|이렇게|낮|지|?|ㅋㅋ|당대|에|유명|한|스타|다|나와서|(|지금|얼굴|보|기|도|힘든|나얼|까지|나온|.|..)|완전|재밌|게|봤|는데|ㅋㅋ|생각|보다|현실|성|있|었|음|.|4|점|대|는|좀|아님|.|출연진|보|는|것|만|으로|도|꿀|잼|ㅋㅋㅋ,1
52,신|내고|인어|가|되|서|재미|었|다,1
53,"그냥|꽝|인|영화|,|이자벨|은|헐리|웃|과|인연|이|없|었|다|,|안타까워|ㅜ|.|ㅜ|;;",0
54,완전|재밌|게|봤|는데요|?|19|금테|드|먼저|보|신|분|들|은|재미|가|덜|했|나|봐요|.|.|19|금테|드|도|봐야|겠|네요,1
55,위트|있|고|생각|지|못한|스토리|전개|가|흥미|로웠|어요|~,1
56,박민우|씨|가끔|은|남|을|위해|생각|하|지|말|고|자신|을|위해|생각|해요|배려|하|곷|싶|은|마음|은|이해|하|지만|남|들|한테|는|안|좋|게|보일|수|있|어요|.|..,1
57,레포트|때문|에|봤|는데|의미|있|고|재일|교포|에|대한|현실|을|알|수|있|게|되|었|다|.,1
58,어릴|때|보|고|서른|살|이|넘|어서|다시|봤|는데|역시|나|마음|을|너무|따뜻|하|게|했|다,1
59,귀|가|즐거운|영화,1
60,보|다가|화났|다|.|..|끌|어도|너무|끌|고|속|터짐|.|이우재|엄마|라는|거|이우재|가|아들|이|라는|거|맛|ㄴ|로|도충|븬히할수잇는건데납나비행동도미치도록짜증나게속터짐|욕|나옴,0
61,글쎄|.|...|보|다가|잠들|었|다|.|...|시간|낭비,0
62,쓰레기|분리수거|일|이|언제|지|?|절대|보|지|마|라|절대|후회|한다|.,0
63,아|놔|진짜|어이없|어서|ㅋㅋㅋ|작가|야|민망|하|지|도|않|니|?|??|ㅇㅣ런|쓰레기|드라마|는|살|다|살|다|처음|본다|ㅋㅋ|ㅋㅋ,0
64,분주|하|고|번잡|스러운데|왜|이렇게|지루|할까,0
65,좋|다|.|이|영화|.|너무|좋|다|.,1
66,굿|굿|잘|봤|습니다|~~|ㅅ,1
67,이하나|라는|배우|에게|빠져|든다|정말|매력|있|는|배우|.|안성기|는|두말|하|면|입|아|프|다|.|뭔가|결말|이|시원|치는|않|지만|그건|관객|들|의|몫|이|고|웃음|이|나오|고|애틋|한|느낌|마저|드|는|영화|담|에|와이프|랑|같이|보|면|어떨까|?|ㅎㅎ,1
68,주인공|이|더|나쁜|놈|같|다|.|이건|년|이나|놈|이나|전부|사람|못|죽여서|환장|한|놈|들|같|다|.,0
69,재밌|어|.|...|섹시|해|.|...,1
70,"재밌|게|보|진못했|다|앞쪽|부분|의|뚝뚝|끊기|는|편집|에|,|예루살렘|이|나올|때|마다|보여|주|는|딱|봐도|그래픽|혹은|미니|어|쳐|티|가|확|나|는|조악|한|전경|은|도대체|왜|계속|보여|주|는지|.|..|한|10|번|은|나온|것|같|다|;;|독실|한|신자|입장|에선|좋|다고|볼|수|있|는|영화|겠|지만|그렇|지|않|고서|는|지루|할|수|밖에|없|었|던|.|..",0
71,흠|.|..|포스터|보고|초딩|영화|줄|.|...|오버|연기|조차|가볍|지|않|구나,1
72,이렇게|OO|같|은|영화|는|또|처음|보네,0
73,정말|재미없|는|영화|다시|보|기|싫|음,0
74,시간|이|지나|서|또|봐도|정말|가슴|애린|드라마|.|.....|ㅠ|.|ㅠ,1
75,주인공|도|그렇|고|색감|도|그|랗고|영화|가|이쁘|다|라는|생각|을|했|어요|ㅎㅎ|주인공|만|의|독특|한|매력|도|있|구|여|ㅋ|무엇|보다|여주|가|정말|예쁨|.|..☆,1
76,제니퍼|로렌스|를|너무|믿|은|게|아닌지|.|지루|했|다|.,0
77,아따|!|왜|이리|도|지루|하|오|~!!|나|에겐|허무|함|이|로세|~!,0
78,"모두|에게|잘못|이|있|고|,|모두|에게|책임|이|있|다|.|불편|한|현실|을|평생|맞닥뜨리|며|살|아야|하|겠|지만|,|그럼에도|불구|하|고|사랑|받|을|수|있|다는|희망|을|버려서|는|안|된다|.|책임|을|전가|하|기|전|에|책임|을|생각|해|볼|것|.|겨울|이|있|으면|봄|도|있|는|법|.|계절|은|순환|한다|.",1
79,배우|두|명|아니|었|으면|이|영화|끝|까지|안|봤|을|거|다|아마,0
80,가족|이|라는|단어|가|다시금|생각|하|게|해|주|는|그런|영화|인듯|.|.|간만|에|순수|한|영화|봐서|마음|이|평온|해졌|어요|^^|평점|은|9|.|5,1
81,여기|서|그|무엇|을|더|바라|리오|.|..|신|의|경지|다|(|웃음|),1
82,아|지겨워|!|!!!!!!!!!!!!!!!!!!!!,0
83,이게|진짜|현실|100|%|재판|이|다|.|.|남|일|이|라고|?|언젠가|자신|이|겪|게|될|수|도|있|다|.|.|진짜|집중|하|면서|봤|다|ㅠ,1
84,이건|그냥|.|..|할|일|없|는|몸|파|는|여자|가|몸|팔|러|갔|다가|욕정|없|는|70|대|싸이코|패스|와|노닥거리|다|그|외|의|욕정|을|느끼|고|결혼|하|자고|쫒아|다니|는|준|깡패|와|의|3|남녀|의|시덥|지|않|은|이야기|를|하|는|한국|의|인간|극장|만|도|못한|파렴치|한|영화|가|되|겠|다|.|Wha|tthe|fu,0
85,다른|영화|처럼|지겹|지|않|고|재미있|어요|^^,1
86,어|이|가|없|다|;;;,0
87,진짜|2013|년|들|어|첫|번|째|영화|인데|기대|이하|.|.|아니|더욱더|이하|.|...|차라리|더|빙|을|하|시|지|마시|지|.|...|그닥|내용|도|별로|.|...,0
88,정말|재미있|네요|어떻게|이런|영화|가|나올|수|있|는지|모르|겠|요|!|@,0
89,핀란드|판|바그다드|카페|.|..|덤덤|하|고|담백|하|지만|울림|의|폭|은|묵직|하|다|.,1
90,올레|티비|추천|무료|영화|에|있|어서|별|기대|없이|봤|는데|뜻밖|의|수확|.|이런|스타일|의|영화|는|늘|마음|을|따뜻|하|게|만든|다|.|약간|의|어색|한|유머|코드|도|있|고|좋|았|다|.,1
91,영화|마음|이|속편|이|었|던|가|아니|면|어린이|영화|수준|의|한계|성|인가,0
92,절대|무인|.|...,1
93,결말|이|뭔가|빠진|느낌|이|여,1
94,처음|보|는|사람|에겐|황당|할지|몰라도|감독|님|의|골수팬|으로|이제|우려먹|기|좀|그만|했|으면|한다|.|..|캐릭터|돌려|막|기|.|.,0
95,좋|다|.,1
96,아깝|게|비디오|값|500|원|만|날렸|음|.|.|ㅋㅋ,0
97,굿|이|라는|것|의|의미|를|깨닫|고|민족|문화|를|이해|하|는|데|도움|이|되|었|다|.,1
98,좋|은|드라마|봐서|좋|은데|결방|이|많|네요|ㅜ이제|월드컵|도|하|는데|더|많|아|지|겠|죠|.|.|연속|2|회|방송|안|될까요|?,1
99,십|점|만점|에|십|점,1
100,최고|미화|가|훌륭|함,0
101,"소중|한|금요일|밤|시간|이|영화|보|자고|투자|한|게|아까움|,|점수|줄|수|없|음|.|영화|너무|별로|라|태어나|첨|으로|후기|올림|.",0
102,뒤늦|게|보|고|완전|빠져|듬|!|두|배우|연기|호흡|환상|~|스토리|도|좋|고|최고|임|!|!,1
103,쓰레기|.|....,0
104,2|시간|넘|는|영화|초반|부|빠른|전개|핟다|나중|엔|너무|넘|지|루|합|니|당,0
105,현대인|의|소통|과|단절|그|영원|한|숙제|!|마지막|장면|에서|처절|하|게|울|던|양귀매|!,1
106,"이|영화|를|가장|좋|아|하|는|것|은|20|대|여자|라고|되|있|고|가장|싫|어|하|는|사람|들|이|20|대|남성|이|다|.|이|로써|볼|수|있|는|것|은|여자|는|감정|이|발달|되|있|고|남자|는|이성|이|발달|했|다는|것|이|다|.|감정|이|발달|되|어|있|으니|신|이|란|존재|를|이성|적|,|논리|적|으로|판단|하|지|못하|는|것|이|다",0
107,강추|@|강추|@|강추|@|강추|@|강추|@|강추|@|강추|@|강추|@|강추|@|강추|@|강추|@|강추|@|강추|@|강추|@|강추|@|강추|@|강추|@|강추|@|강추|@|강추|@|강추|@|강추|@|강추|@|강추|@|강추|@|강추|@|강추|@|강추|@|강추|@|강추|@|강추|@|강추|@|강추|@|강추|@|강추|@|강추|@|강추|@|강추|@|강추|@|강추|@|강추|@|강추|@|강추|@|강추|@|강추|@|강추|@|강추,1
108,케이블|방송|이|라|아쉽|다|지상파|3|사|에서|했|으면|하이|킥|시리즈|뺨칠|만큼|의|인기|였을|텐데|잘|챙겨|보|고|있|습니당|너무|재미있|네요|♥♥|고경표|씨|사랑|합니다,1
109,결론|이|애매|하|다,0
110,진짜|더|빙|이|더|재|밋|네|ㅋㅋ|아이|돌|들|안|써서|그런가,1
111,이거|진짜|보|고|싶|어서|엄청|찾아다녔|는데|ㅜㅜㅜㅜ,1
112,이거|재밌|었|어요|?|나|만|재미없|어서|혼났|나|.|..|암살|보|고|봐서|그런가|.|..|뭐|지이,0
113,답|이|없|따|~~|ㅠㅠ히|11,0
114,우스꽝|스러운|스토리|.|.,0
115,장국영|역대|작품|중|색정남녀|와|함께|가장|최악|의|작품|.|저급|한|각본|과|전개,0
116,"축구|의|신|이|펠레|지|,|무슨|마|라도|나|냐|?|마라도나|는|그냥|축구|천재|다",0
117,이때|까지|만|해도|이명세|가|좋|았었|다|.,1
118,"문소리|의|연기|,|촬영|이|정말|좋|았|다|!",1
119,별|내용|없|네요|.|베드|씬|도,0
120,평점|에|속|았|지|.|..|완전|쓰레기|ㅋㅋ,0
121,10|년|전|쯤|봤|는데|아직|도|마지막|장면|이|인상|에|남|네요|.|..,1
122,그|당시|비디오|대|여비|가|아깝|게|느껴졌|던|영화|!,0
123,스킵|신공|을|반|은|쓴|거|같|다|.|결국|25|부|에서|GG|.|억지|스럽|고|루즈|한|전개|.|무리|한|연장,0
124,오래오래|가시|길|.|..|ㄷ|ㄷ,0
125,정말|신나|게|봤|습니다|.|에너지|가|느껴|지|네요|~,1
126,뭐|니|이거|?|짜증|지대|로|다|다른|배우|들|까지|싸잡히|네|~|ㅉㅉ,0
127,여자|꺼|노출|안|나옴|~|이런|--;|개|낚였|다|.|.|노출|장면|도|거의|없|음,0
128,스토리|전체|가|그냥|물|흐르|듯이|가|는|기분|?|시간|때|우기|용|으로|쓸|때|애|들|관심사|끌|때|나|쓸|영화|지|이걸|돈|주|고|볼|영화|는|아님|딱히|임팩트|도|없|고,0
129,이건|뭐|좃|중|고|딩|들|소설|도|아니|고|세상|참|편하|게|사|는|두뇌|들|인|듯|^^|특히|빨갱이|감싸|주|면서|개수작|논리|피우|는|우리나라|대통령|이|라|.|.|ㅋㅋㅋ|ㅋㅋ,0
130,역시|믿|고|보|는|제이크|질렌할|!|LA|경찰청|은|감독|한테|상|줘야|함|.|두|번|줘야|함|.|그|들|의|24|시간|365|일|이|궁금|하|다|.|계속|보|고|싶|다|.|정규|시리즈|제작|요망,1
131,주|여|.|.|ㅠ|.|ㅠ,1
132,"암만|극장판|이|라지만|그|자체|로써|완성도|라는|게|있|어야|되|는데|,|큐|는|완전|꽝|이|다|.|애니메이션|혼자|급|전개|하|고|떡밥|,|설정|을|가지|고|노|는데|보|는|관객|들|은|전혀|이해|도|공감|도|못하|는데|뭐|하|러|극장판|을|내|나|?|설정|집|을|내|지|.|이딴|설정|놀음|작품|이|미|화|되|니|.|.",0
133,예상|되|지|?|그게|끝|이|야|.,0
134,too|slow|.|..,0
135,나|이런|거|좋|아|해|ㅋㅋㅋ|재밌|음|~~,1
136,이런|답변|을|기다린|분|들|에게|말|합니다|비디오|로|빌려|보|지|마|셈,0
137,"어머니|의|사랑|이|가습|깊숙히|스며들|었|어요|.|,|,|너무|슬프|네요|.|..",1
138,정이건|의|다른|면|을|보|게|되|었|네|.|...,0
139,EBS|가|아니|었|으면|몰랐|을|영화|.|돈|에|대해서|다시금|생각|하|게|되|었|다|.,1
140,막장|드라마|에|이|은|막장|영화|.|..|그래도|이건|흥미|조차|없|다,0
141,씨네|21|황진미|는|환장|해서|눈|뒤집힐|만|한|영화|.,0
142,아|싀|엄청|웃기|다며|!|!,0
143,그저|바라|만|보|세요|.|따듯|해집니다|.|세상|에|슬프|기|만|한|일|은|없|습니다|.|분명|당신|을|웃|게|만들|어|줄|겁니다|.,1
144,영화|가|끝나|고|심장|이|멈춰|버렸|다|.,1
145,그대|사랑|하|기|때문|이|야|~~,1
146,"한|공주|를|보|고|난|뒤|방황|하|는|칼날|이|좀|아쉽|다고|생각|했|는데|,|이걸|보|고|나|니|방|칼|은|정말|수작|이|네|.|동호|만|이|문제|가|아니|다|.|감독|의|전반|적|인|캐릭터|들|묘사|방향|자체|가|섬세|함|이나|리얼리티|가|크|게|떨어진다|.|거기|에|일반인|이|만든|듯|한|UCC|수준|의|연출|ㅉㅉ",0
147,러닝|타임|견디|는|게|고문|이|였|음|;;;,0
148,나|만|당할|수|는|없|지,1
149,에|효|.|..|왕유|치,0
150,그때|나|지금|이나|.|.|너무|많이|가졌|고|너무|가진|게|없|다|.,1
151,난|너무|재밌|게|봤|다|ㅎㅎㅎ,1
152,코난|극장|판중|최고|!|!|ㅋㅋ|ㅋㅋ,1
153,재|밋|게|잘|보|고|왔|어요|담|편|기대|~~~^^,1
154,어째서|다이애나|비|를|이렇게|표현|햇|는지|이해|가|된지|않|는다,0
155,좋|아요|.|..|^^,1
156,멋져|!,1
157,코미디|영화|인|줄|알|고|봤|지만|감동|의|깊이|가|그|어느|영화|보다|도|깊|네요|.|...|제|인생|최고|의|영화|top|5|안|에|든다고|자부|할|수|있|습니다|.,1
158,아|이|평점|은|뭐|야|?,0
159,최고|다|.|진짜|배꼽|빠져서|죽|는|줄|알|았|다|ㅋㅋ|ㅋㅋ,1
160,진짜|완소|드라마|.|..!!!,1
161,이거|방영|할|때|가|초등학생|일|때|였|는데|결말|보|고|완전|빡|친|.|..,1
162,아이|들|과|봤|는데|.|.|볼|만|해요,1
163,아주|약간|봤|는데|좀|재미|있|었|다|상어|CG|도|굿,1
164,대체|왜|4|점|조차|평점|으로|있|는|거|지|.|보|자고|졸라서|.|..|같이|보|던|사람|한테|민망|했|던|영화|.|..,0
165,전광렬|의|카리스마|는|시청자|들|의|호감|을|사로잡|는다|.,1
166,남성|우월주의|를|보|는|듯|해서|별로|좋|은|영화|같|진|않|다|.,0
167,시간|돌려주|세요|.|..,0
168,웃기|지|도|로맨틱|하|지|도|않|다,0
169,난|장혁|이|왜|죽|어야|했|는지|아직|도|의문|을|가지|고|있|다|.|그리고|광고|도|넘|심하|게|하|는|듯|요|.|..|배우|들|연기력|은|좋|았|습니다,0
170,성우|가|저|사람|들|이|었|군|.|더|빙|안|된|버전|으로|봤|으면|좀|더|나았|으려나|.,0
171,"감동|도|있|구요|,|진짜|재미있|었|어요",1
172,수준|이|하|.|..|에휴|~,0
173,미치|도록|재|밌음굿굿ㅋㅋㅋㅋ,1
174,지금|생각|해도|십|노|잼|영화|차라리|더|빙안|된|걸|보|면|더|나|앗|을|탠|데|우리말|더빙|버전|은|오|글|의|극치|개|노|잼|코믹|대사|부분|도|못|살림,0
175,잔잔|하|고|은은|한|영화|.|고양이|를|키우|는|입장|에서|길|고양이|들|이|안쓰러웠|고|이|뻣|습니다|.|영화|참|좋|습니다|.,1
176,운동|능력|은|취|팔로마|~,1
177,"다이아몬드|에|이런|사실|이|있|었|다는|게|,|,|,",1
178,마땅|한|벌이|가|없|으면|시골|에|가|서|농사|나|짓|지,0
179,억지|설정|과|뻔한|에피소드|.|.|어설픈|감독|의|연출|.|.;;|이쁜|로라|램지|때문|에|별|하나|.,0
180,수준|은|니|가|낮|다|왜|냐고|?|이|영화|평점|초기|화전|에|도|이미|평점|최악|이|였|다|헐리우드|영화|가|헐리우드|에서|쓰레기|취급|이|면|말|다|했|지|너|같|은|놈|을|네|다홍|네|다|알|알|겠|냐|?,0
181,너무너무|재밌|다|!|!!,1
182,마지막|1|분|까지|무서운|영화|?|ㅋㅋㅋ|영화|는|더럽|게|잼|없|구|하나|두|안|무섭|다|.|무섭|기|는|개뿔|뻔뻔|해서|소름|돋|는다|.,0
183,인생|최고|의|영화|~,1
184,대한민국|은|이렇게|되|질|않|길|빈다,1
185,처음|엔|재미있|었|는데|.|..|아쉽|다|.|..|이제훈|이랑|유아인|이|아까울|뿐|.|..........,0
186,좋|았|습니다|.|여러모로|!,1
187,총질|게임|과|헐리|웃|오버액션|영화|가|진짜|전쟁|씬|인|줄|아|는|ㅂ|ㅅ|들|이|있|네|.|..|머리|에|든|거|없|는|애|들|이|진짜|전쟁터|에서|총알받이|되|봐야|아|이게|전쟁|이|구하|할|련지|붕|탁|들|.|.,1
188,내용|은|이상|한데|결말|이|이상|해요,0
189,재미|하나|도|없|음,0
190,소문|대로|캐|졸작|이|라고|들|었|는데|정말|캐|졸작|이|군|;;,0
191,그|를|누가|죽였|을까|.|..|그|의|죽음|이|아니|였|다면|흥행|하|기|힘들|었|던|수준|의|영화|.,0
192,이|작가|는|시청자|들|이|개념|도|없|는|초딩|으로|아|나|?|조금|이|라도|고민|좀|하|고|써라|지편|한|대로|갈기|지|말|고|.|.|이런|한심|한|ㅉㅉ|아직|도|이런|드라마|가|?,0
193,진짜|짱|!|!!!!!!!!!!!!!!!!,1
194,다|1|점|주|길래|나|도|1|점|이|다|에라|받|아랏,0
195,결말|은|그냥|.|...|진시황|도|다이너마이트|엔|못|당하|니|노벨|이|짱|이|란|거|네|ㅡㅡ,0
196,사고뭉치|콤비|들|의|어이없|는|주접떨|기,0
197,무슨|말|이얌|.|..|ㅡㅡ|;|허무|함|.|..,0
198,알|아요|도전|하|게끔|만드|는|평점|이|라는|거|ㅋㅋ|그|도전|처참히|짓|뭉게|는|영화,0
199,난잡|하|다|.|...;;,0
200,내용|이|지루|하|네여|너무|끄|는|거|아닌가|한편|두|안|빼|구|봤|는데|이제|안|봐두|신경|안|쓰|게|되|네여|;,0
201,ㅋㅋㅋ|이병헌|눈빛|연기|소름|돋|았|고|정우성|남자|가|봐도|멋진|놈|으로|나왔|는데|이|영화|는|송강호|가|짱|인듯|.|..|진짜|이상|한|놈|을|이만큼|소화|할|수|있|는|배우|가|또|있|을까|?|왜|그|가|최고|의|배우|라|불리|는지|알|수|있|는|영화,1
202,과욕|이|만든|실패작|의|표본|.,0
203,"아|~|쓰레기|영화|인지|.|2002|년|도|에|나왔|던|영화|랑|다를|게|없|군|,|패러디|할꺼|면|좀|다르|게|하|던가|,|누가|봐도|가위|영화|네요|~|(|하지원|,|김규리|나온|영화|)|.|이거|왜|만든|걸까요|?|??|이해|가|안감",0
204,"가장|미션|임파서블|같|은|영화|이|고|톰크루즈|는|찐|짜|이단|헌터|특급|스파이|같|다|연기|쩐|다|.|.|미션|임파서블|3|,|->|미션|4|->|미션|5|는|최|고라|하|고|싶|다|그|중|에|갑|은|미션|3|이|다",1
205,"한때|유명|했|던|영화|포스터|,|그러나|너무|뻔한|스토리|.|.",0
206,이|영화|가|가벼운가|?|너무나|현실|적|이|고|무겁|다고|느꼈|는데|.|..,1
207,넘|재|밎어요|~|12|부|가|마지막|회|라|아쉬워|요|ㅠㅠ,1
208,주제|에|비해|이야기|를|끌어가|는|힘|이|많이|처지|네요|!|!,0
209,너무|잼|있|어서|보|고|또|봤|던|기억|이나|네요|장국영|은|이|세상|에|없|고|왕조현|은|어디|론가|사라져|버려서|지금|은|볼|수|없|지많|원조|천녀|유혼|으로|다시|보|게|되|니|반갑|네요,1
210,저|는|재미있|게|봤|어요|.|..|정말|배|만|지|면서|웃|으면서|잘|보|았|구요|극|중|상열|이|처럼|진짜|사랑|하|는|사람|찾|아서|잘|해|주|고|싶|습니다|!|임창정|씨|연기|진짜|대박|이|구요|정말|웃|으면서|잘|봤|어요|^^,1
211,“|아야세|하루카|”|님|지켜|주|지|못해|미안|해|.,0
212,이빨|교정|하|고|이상하|진애|이상|해|.|.,0
213,너무|재밌|게|보|고|있|어요|.|.|약간|의|막장|은|재미|를|위해|당연|한|거|아닌가요|?|ㅎㅎ|드라마|지만|.|.|최면|지대|로|걸려서|보|고|있|어요|.|.|오|감독|처럼|꾸밈없이|속|쉬원|한|남자|!|!|매력|있|고|넘|멋져요|!|!,1
214,상업|영화|는|아니|고|예술|영화|도|아니|고|그냥|EBS|교육|영화|라고|생각|하|면|만족,0
215,걍|쓰레기,0
216,킬링|타임|용|으로|는|좀|지루|한|면|이|많|은데|볼|만|은|함,1
217,영화|같|은|실화|.|..|결말|로|갈수록|훨씬|놀라운|.,1
218,주인공|심리|에|동화|시키|는|전개|가|상당히|흥미진진|함,1
219,아무렇|지|도|않|게|지우|기|엔|너무|힘든|너무|슬픈|사랑,1
220,와|11|등|이|네|한국|영화|중|에서|진짜|드물|다|이런|경우|ㅋㅋ,0
221,성시경|.|너무|조아|헿헿,1
222,미야자키아오이|10|점|이준기|의|발연기|-|1|점|.|.|또|다른|러브|레터|를|보|는|듯|한|.|..?|ㅋㅋ,1
223,"헛소리|는|관속|에|들어가|서|나|해라|.|무명|이|던|,|이|시절|이|없|었|다면|,|오늘날|의|영광|도|없|었|다|.",0
224,사극|의|아름다움|을|다시|한|번|느끼|게|해|준|작품,1
225,외국|탑|기어|가|짱짱|이|네,0
226,"미안|해|라는|,|말|속|에|숨겨진|전|할|수|없|는|소중|함|들|.",1
227,진짜|sf|이|면서|롱|타임|영화|인데|보|고|나|서|허무|함|도|하나|없이|너무|잘|만들|어|진|걸작|이|다|.|개인|적|으로|위쇼|스키|감독|작품|중|에|제일|마음|에|듬|♡,1
228,마지막|에|감동|을|넣|으러|했|던|건|치명|적|실수,0
229,네이버|평점|에|1|점|준|건|첨|이|다|.|정말|이렇게|쓰레기|같|은|영화|가|있|구나|.|ㅋㅋ,0
230,패|륜|영화,0
231,도대체|왜|제목|이|맛있|는|인생|인|줄|모르|겠|음|너무|막장|임|ㅋㅋㅋ|ㅋㅋㅋ|재미|도|업|고,0
232,김기덕|감독|영화|중|에|이|영화|를|가장|좋|아|한다|.|재희|는|이|캐릭터|에|참|어울리|는|것|같|다|ㅎㅎ,1
233,없|어|져|버려|재미|교포|교육|책|만드|는|레|젼|드|편|빼|고|는|재미|없|어,0
234,반전|이|있|을|줄|알|았|는데|캐|서방|마지막|.|..|아|.|..|잊|을|수|없|을|거|에요,0
235,아|평점|1|도|아깝|다|감동|도|업|고|재미|도|업|고|영화|마지막|쯤|허탈|해서|내|가|이걸|왜|보|고|잇|지|?|이런|생각|듬|.|...,0
236,좋|은|영화|를|봐서|기분|이|좋|다,1
237,머|여|잼|낀|하|지만|시청|률|;;|6|.|6|이|머|에요|뉴스|보다|못|하|는|건데|에휴|;;|그래도|잘|했|음|;;,0
238,미리|쓰|는|우디앨런|의|귀엽|고|도|사랑|스러운|유서|적|농담,1
239,최고|의|드라마|~,1
240,전형|적|이|지만|지루|하|지|않|은|영화|.|잭|과|션|의|마음|이|참|예쁘|다|.,1
241,"스케이트보드|만|으로|는|안|되|겠|던지|온갖|진부|한|것|들|을|어설프|게|섞|었|다|.|인물|의|행동|은|그냥|이상|하|고|,|가끔|씩|들어가|는|슬로우|모션|장면|들|은|지루|하|기|만|하|다|.",0
242,재밌|어요|!|!!|개인|적|으로|완전|재미있|엇|어요|!,1
243,전|하|고자|하|는|메세지|는|알|겠|으나|너무|진부|하|고|지루|하|다|.|동화|같|은|이야기,0
244,우리|애|가|좋|아|하|네요|.|그래서|평점|10|점|.,1
245,아|ebs|에서|하|길래|또|봣는데|역시|는|역시|다|또|울|고|말|았|다|몇|번|을|봐도|눈물|못|참|는다,1
246,"말|이|필요|없|는|똑똑|한|영화|,|지적|유희|의|즐거움|을|담|다",1
247,봐도|봐도|질리|지|가|않|아요|~,1
248,이미|침몰|하|는|영화|에|온몸|을|던져|촬영|한|오인혜|가|불쌍|해|보일|지경|이|다,0
249,욕설|과|야한|장면|빼|면|그냥|애|들|영화|잖|아|.,0
250,조지밀러|가|왜|이런|걸,0
251,내용|연출|여러|가지|로|엉성|한|영화,0
252,내|인생|베스트|오브|베스트|10|위안|에|무조건|든다,1
253,너무|재밌|었|다|ㅋㅋ,1
254,"단순|한|추억|의|영화|그|이상|.|,",1
255,우연히|보|게|됐|는데|.|..|많|은|생각|을|하|게|되|네요|.|혁명|에|는|희생|이|따른다|.|.|정의|또는|국가|를|위해선|국민|의|희생|은|어쩔|수|가|없|군요|.,1
256,새로운|시도|없이|그냥|첩혈쌍웅|흉내|만|내|다가|마|는|영화|.|.,0
257,나|는|그닥|재미|가|있|지|않|네|.|.,0
258,그|들|의|사랑|을|다|이해|하|긴|어렵|지만|.|.|어느|정도|이해|할|수|있|었|던|것|같|았|던|.|.|추천|^^,1
259,아프|니까|청춘|이|다|희대|의|개소리|아픈|사람|도|널렸|다|라고|말|하|는|원장부|를|보|는|순간|분노|가|치밀|었|따|최우식|연기|10|점|.,1
260,"하아|,|,|,|지루|하|다|,|너무|장황|하|게|설명|하|려다|이상|한|영화|가|되|버림|,|,|,",0
261,내|가|봤|던|영화|중|최고|였|음|!|10|점|도|모자람,1
262,진짜|왠만해서|이런|말|안|하|고|싶|은데|죽여|버리|고|싶|다|.|내|시간|내|돈|;;;;;;;|뭐|하|자는|거|지|욕|나온다|^^|죽여버릴까|진짜,0
263,디카프리오|의|미모|와|연기력|은|역시|나|대단|했|지만|으어|.|.|퀴어|영화|인|것|도|그렇|고|등장인물|의|난해|한|행동|이|며|.|.|너무|이해|하|기|힘들|었|고|.|.|결국|디카|팬|심|으로|도|영화|를|다|보|지|못하|고|꺼버렸|다|.,0
264,아|진짜|재밌|다|이런|영화|다시|는|업|을|꺼|같|타,0
265,훈훈|함|.|....,1
266,아이|가|재미있|어|해요|-,1
267,글쎄|.|.|뻔한|스토리|지만|나름|재밌|게|봤|고|엔딩|은|좀|슬펐|건만|.|..|평점|이|이따|구야,1
268,여배우|들|의|열연|~~~|고은아|이쁘|네요|.|..,0
269,비둘기|씬|이|유비|나|관우|출연|시간|보다|세|곱절|길|다|.|비둘기|대전|.,0
270,남|들|이|안|하|는|짓|하|는|게|에|술|이|아니|라오,0
271,집중|할|수|밖에|없|는|영화|다,1
272,재밌|음|.|.|ㅋ|조아|조아|.|.,1
273,"어벤져|,|이탈자|,|사이보그|,|,|,|반담|의|3|대|명작|~",1
274,sm|세뇌|독재|영화,0
275,여자|주인공|슬립|입|고|나와서|계속|봤|음,1
276,문근영|을|위한|영화|.|.,1
277,A|~|C,0
278,웃기|긴|개뿔,0
279,영화|가|신선|하|네요|.|.|강혜정|정말|너무|멋져요|^-^*,1
280,본|영화|들|중|가장|.|..,0
281,허어|어|어|얼|ㅋㅋㅋ|이거|재미없|엉,0
282,진짜|김남길|사랑|해|너무|멋|잇|다|ㅠㅠ|♡,1
283,다시|보|아도|재밌|다|또|다른|시리즈|는|안|나오|나,1
284,배우|들|이|아깝|다|!|!!!,0
285,염기|가|뭔지|도|모르|는|생물학자|를|데려|갔으니|당연히|다|죽|지|ㅉㅉㅉ,0
286,끝|날|때울|뻔|했|다구요|진짜|ㅠㅠ|시즌|2|하|실|거|라는|거|알|고|잇|어요|!|!|ㅋㅋㅋ,1
287,이게|93|년|작|이|다|!|이게|!,1
288,어쩌면|씁쓸|한|결말|이|지만|덕분|에|먹먹|한|여운|이|남|는다|.|.|제임스|맥어보이|.|.,1
289,오랜만|에|진한|여운|이|남|는|영화|다|.|좋|다|.|..,1
290,"이것|도|저것|도|아닌|유치뽕|짝|스토리|,|어렸|을|땐|공|폰|줄|알|았|다|.",0
291,영혼|을|울리|는|수작|.|사랑|을|머리|로|이해|하|려고|하|지|마|라|.,1
292,영화|배경|음|왜|이렇게|촌|스러|80|년|말|90|년|초|영화|보|는|줄|.|..,0
293,이런|쓰레기|를|워터|보이즈|스윙걸즈|랑|비교|하|냐|전기세|도|아깝|다,0
294,남자|영화|이것|이|최고|다,1
295,첫|주|연작|이|기|때문|일까|?|고분|분투|하|는|김수로|가|안타깝|다,0
296,겉|만|핥|기|식|뭔가|자극|적|이|지|도|않|고|그렇|다고|웃기|지|도|않|은|드라마,0
297,"단언|컨대|,|최고|의|성장|영화|중|하나",1
298,한국|최초|의|영화|!|!,1
299,어릴|적|3|류|극장|에서|푹|빠져|봤|던|추억|의|영화|.|..,1
300,우선|전쟁|에서|목숨|을|잃|은|기자|분|들|과|군인|들|에게|10|점|을|드립니다|.|그리고|영화|가|참|가치|있|다고|느꼈|습니다|.|또|영화|의|재미|만|말씀|드리|자면|6|.|.|점|ㅎ|아무튼|좋|은|영화|한|번|쯤|꼭|보|시|길|바랍니다|~,1
301,이게|뭐|니|?|이게|.|..|ㅡ|ㅡ|+,0
302,"이|죽일|놈|의|드라마|,|,|미사|를|제자리|로|돌리|도|!",0
303,아무리|미스터|고|같|은|영화|여도|이현우|나오|면|10|점|임,1
304,책임지|지|못할|행동|하|지|말|자|.|...|제대로|안|키울|꺼|면|싸지르|지|마|라|.|.|진짜|.|...|천|벌|받|는다|.|...,1
305,와|.|.|장난|아니|시|네|.|..|이게|정말로|자연산|이|라니|.|...|남자|배우|가|나이|차이|도|좀|많이|나|보이|는|거|같|던데|조금|부럽|네요|.|.,1
306,예술|임,1
307,유령|의|집|과|같|은|소재|는|이제|지겨울|지경,0
308,"ㅉㅉ|말|이|안|나온다|.|.|ㅡ|.|,|ㅡ",1
309,은근히|감동|적|인|영화|~|난|재미있|게|봤|다|~^^,1
310,부인|의|불륜|을|남편|이|정리|한|영화|인|것|같|군요|.|그|이상|모|가|있|을까요|?,1
311,끝내|준다,1
312,어디|지방대|연극|영화|학부|졸업|작품|이|라고|하|면|수긍|갈만|한|작품|ㅋㅋ,0
313,따분|하|고|의미|없|었|던|삶|에|의미|를|부여|해|준|드라마,1
314,2|편|도|나름|흥미진진|한|데|핀|헤드|가|죽|은|게|좀|아쉬운|점|이|랄까|?,1
315,출연진|은|나름|빵빵|한데|내용|은|왜|그래|?|????????,0
316,"그냥|포르노|영화|수준|.|.|여배우|들|아니|전체|배우|들|의|연기|는|그냥|동네|학예회|수준|,|연출|도|b|급|?|아니|d|급|이|다|.|그냥|포르노|보|고|싶|으신|분|들|은|이거|보|시|는|걸|추천|할|정도|로|배|드신|빼|고|는|기억|에|하나|도|안|남|는다|.|마지막|복수|장면|배우|들|의|발연기|는|가관|이|였|다|진짜|.",0
317,권상우|송승헌|김인권|지성|꽃등심|에|랍|스타|에|인삼|에|전복|까지|좋|은|재료|들|로|쓰레기|를|만들|었|구나|.|배우|들|연기|는|나름|괜찮|은데|보|는|내내|개거|지|같|은|시나리오|연출|때문|에|화|가|다|나|드라|.|..|김해곤|이|란|감독|담|부턴|그냥|조연|단역|만|하|시|길,0
318,제작비|는|어디|로|?|아유|레디|투|더|막장|~|?,0
319,그|시절|엔|참|재미있|었|는데|지금|보|니|그|시절|만큼|은|아닌|듯|싶|다|.,1
320,재밌|네요|.|.,1
321,"최고|,|정말|최고|다|,|,",1
322,"박해일|의|연기|,|그|끝|은|어디|인가",1
323,뭐|여|.|...|야마다|군|과|7|인|의|마녀|남녀|주인공|모티브|여|?|완전|주인공|따라했|구먼|.|..|1|화|에서|사고|로|넘어져서|키스|하|는데|꺠어보니|체인지|됨|.|...|뭐|니|.|..,0
324,1|점|주|는|것|도|아까움,0
325,"일본|영화|특유|의|오|글|거림|은|한|스푼|빼|고|,|그|특유|의|잔잔|한|감동|을|한|스푼|더한|.|.|재밌|었|어요|후카츠에리|영화|는|믿|고|보|네요|^^",1
326,아악|밑|에|분|설명|ㅋㅋ|ㅋㅋ,0
327,내|살|다|1|점|주|는|영화|는|또|처음|이|네|.|정신없|어,0
328,만드|냐고|고생|하|고|보|냐고|고생|하|고,0
329,감독|이|나쁜|녀석|이|다|.|..,0
330,너무너무|재밌|어,1
331,배우|들|의|섬세|한|연기|와|평범|한|남자|가|특정|사건|으로|극|으로|치닫|게|되|는|스토리|가|잘|어|울|어|졌|네요|!,1
332,정말|시간|아까운|영화|.|잠깐|씩|나오|는|파쿠|르|외|에|는|아무것|도|없|다|.,0
333,"초반|중반|에|는|코미디|고|.|.|후반|가|면|.|...|가족|,|희생|이|라는|걸|알|게|되|는|영화",1
334,짱깨|들|자체|가|유치|하|니까|영화|도|관객|성향|에|맞|게|유치|하|게|만드|는|거|겠|지|.|.|가뭄|에|콩|나|듯|좋|은|영화|하나|씩|만들|어|내|고|.|.|충무로|도|마찬가지|고,0
335,쉽|게|잊혀질|천만|관객|영화,0
336,"권태|로운|삶|을|한바탕|뒤흔든|욕정|,|집착|,|질투|,|광기|.|그러나|그|에겐|사랑|이|었|다|.",1
337,이런|영화|는|인물|들|의|선택|에|설득력|이|있|어야|말|이|지|.|왜|극단|으로|만|치닫|는지|.|.|ㅉㅉ,0
338,여배우|의|발연기,0
339,홍상수|하|면|불|륜|이|떠오름|.|..|영화|주제|가|좀|불륜|스러움|찝찝|한|그런|거,0
340,학교|가|서|봤|는데|구라|안|까|고|40|명|중|나포|함|3|명|빼|고|다|잤|음|.|.--;,0
341,지루함|의|극치|박진감|제로,0
342,"오늘|시사회|갔다왔|어요|~!|다큐멘터리|라|처음|엔|지루|할|거|같|아서|걱정|했|는데|,|중간|중간|웃음|이|터지|는|장면|도|많|아서|좋|았|어요|~|미혼모|들|의|진실|한|일상|이나|얘기|듣|고|좋|았|고|남녀|모두|에게|추천|입|니당|!",1
343,우|웩|올라|오|는|줄|알|았|다|쓰레기|영화,0
344,힘든|상황|을|잘|견뎌|내|고|자신|을|삶|을|개척|한|가비노|에게|박수|를|보냅니다|.,1
345,시간|아깝|습니다|보|지|마세요|우리|의|2|시간|은|소중|하|니까요,0
346,"3|류|,|진부|한|드라마",0
347,뭐|냐|?|이거|는,0
348,영화|마음|이|속편|이|었|던|가|아니|면|어린이|영화|수준|의|한계|성|인가,0
349,마지막|음악|이|좋|아서|9|점,1
350,엔|-|우|-?|가|계속|떠오름|ㅎ,1
351,내|가|이걸|끝|까지|봐야|하나|.|..|싶|은|영화|다|.|.,0
352,"너무|진하|다|못해|,|숨|이|막혀|버릴|지경|이|다|.",1
353,이걸|10|점|준|사람|들|은|진정|영화|보|기|는|한|건가|?,0
354,좋|다|.|하지만|이|정도|영화|에|그렇게|많|은|의미|를|부여|하|는|게|정당|한|일|인가|?,1
355,나|의|정체|성|을|생각|해본다|지만|지금|현재|사|는|세상|은|그럴|여유|를|보일|수|도|약한|모습|을|보일|수|도|없|다|.,0
356,니|가|매일|다니|는|골목|그곳|만|그대로|있|어|주|면|돼,1
357,왜|18|세|야|?|조제|는|15|세|면서|-_-,1
358,볼|만|한|영화|다|.|음악|넘|좋|고|특히|결말|에|나온|음악|이|좋|았|음|.|저우쉰|과|금성무|연기|잘|했|다|.,1
359,shy|1|님|답변|요|1|번|은|총|쏜|여자|가|목사|의|내|연녀|임|둘|이|벗|은|사진|나옴|그리고|다시|등장|않|함|2|번|은|나비|캐릭터|개연|성|만들|기|가|여기|서|키포인트|3|번|은|총|은|두|발|짜리|한발|은|동생|한발|은|자기|를|위함|은데|엄마|한테|쏘|지|않|고|강|간녀|쏘|면|나비|두|마리|가|날라가|면서,1
360,애니메이션|보단|부진|한|느낌|이|들|지만|그래도|비밥|이|다|.,1
361,진짜|배급사|무|뇌|충|들|인가|ㅋㅋㅋ|개|망|작|영화|의|후|속편|인|양|제목|을|갖|다|붙였|네|ㅋㅋ|원제목|을|쓰|면|궁금|해서|보|겠|지만|7|광구|후속|이|라|믿|는|사람|은|절대|안|볼|듯|ㅋㅋㅋ,0
362,영화|는|킬링|타임|용|미친|연기|는|골든|글로브|주|연급,1
363,무슨|말|하|는|영화|냐|~~|만화책|으로|나왔|으면|사람|얼굴|만|나와서|말|만|나오|는|거|같|다,0
364,대단|한|영화|주인공|들|연기력|도|굿|~,1
365,명작|블레이드|러너|를|아주|그냥|ㅉㅉㅉㅉㅉㅉㅉㅉㅉ,0
366,나|참|네이버|평점|보고|완전|기대|하|면서|봤|는데|개|실망|;;|이건|뭐|아버지|랑|의|관계|도|나빴|다가|마지막|엔|흐지부지|하|게|처리|하|고|생각|보다|그렇게|주인공|이|겪|는|어려움|도|없|더만|코치|랑|감독|도|레알|현자|임|다|받|아|주|고|다|용서|해|주|고|;;,0
367,50|대|에|도|불구|하|고|힘든|액션|을|소화|시키|는|최고|의|배우|!,1
368,개인|적|으로|서편제|와|동급|으로|평가|하|는|작품|!,1
369,저|만|이|영화|보|고|울|었|나요|.|왠지|위|로|받|는|느낌|을|갖|게|해|준|영화|.,1
370,왜|이|영화|평점|이|낮|지|?|ㅠ|감동|은|깊|은데|끝|이|급|끝낸|거|같|은|느낌|이|있|다|.|하지만|난|재|밋|게|봤|고|.|이|영화|에서|메인|사진|이|많이|나오|더라|.|.|ㅎㅎㅎ|쨋|든|나쁘|지|않|았|음,1
371,집|에서|보|는데|신랑|이|자꾸|빨리|감기|하|라는|데|아냐|.|.|아직|본격|적|인|시작|안|햇|잖아|.|.|좀|더|기다려|보|자|.|.|이러|는데|마치|영화|필름|이|손상|된|거|처럼|갑작스럽|게|영화|가|끝남|.|..|보|기|전|에|평점|찾아볼|껄|.|.|요새|야동|이|더|스토리|있|을|듯|.|.,0
372,가정|파탄|과정|을|아름답|게|수식|해|놓|은|영화,0
373,이|영화|를|재밌|게|보|았|습니다|.,1
374,토니|쟈|액션|영화|는|좀|파괴력|있|고|시원시원|한|게|어울리|는|듯|뒤|로|갈수록|무용|이|.|.,0
375,"좀|전|에|OCN|에서|두|액션|배우|를|만났|습니다|.|잘|보|았|어요|,|재밌|게|요|.|지루|하|지|않|고|스토리|전개|도|빠르|구요|.|평론가|라고|칼럼|쓰|시|고|기자|신분|으로|말씀|하|시|는|분|들|.|..|주관|적|생각|이|면서|평가|절|하|는|이유|는|액션|배우|라서|그런|건가요|?|!|저|나름|대로|재밌|게|봤|는데|!|왜|그러|시|지|!",1
376,기자|평론가|들|써|논|것|좀|봐라|.|.|참|.|한심|하|다,1
377,"""|0|점|은|못|주|네|ㅋ|성유리|""""|아|불|결해|""""|라고|일침|ㅋ|""",0
378,솔직히|이번|편|은|너무|실망|스럽|다|그림|체도|엉성|하|고|스토리|도|영|뭔가|정성|이|많이|빠졌|다고|할까,0
379,100|년|이|지나|도|그|때|사람|들|도|보|고|감동|받|을|마스터|피스|!,1
380,요|근래|본|영화|중|에|가장|좋|은|영화|를|본|것|같|습니다,1
381,설득력|없|는|전개|+|신선|함|없|는|전형|적|인|스토리|+|막장|적|요소|+|평점|알|바|까지|말|그대로|1|점,0
382,별점|1|점|주|기|도|아까운|영화|구만|쓰레기|영화|개|나|줘|버려라|그리고|이딴|거|만든|감독|학력|이|중|졸|인가|?|그러니깐|비판|하|지|법|을|지켜야|큰소리치|지|지키|지|도|않|으면서|뭘|비판|이|야|개|같|은|영화,0
383,이게|머|야|ㅡㅡ포스터보고|괜히|기대|했|더만,0
384,정말|오래|전|에|본|영화|인데|도|볼|때|마다|마음|이|찡|해집니다|ㅠㅠ,1
385,으하하|~|너무|웃기|네,1
386,장태정|이|너무|싫|어요|병원|에서|의식|잃|은|척|웃|는데|소름|끼쳤|어요|무서워서|못|보|겠|어요|장태정|은|사흘|동안|화장실|도|안|가|나|봐요,0
387,이렇게|오래|가슴|아픈데|감동|스럽|기|는|첨|!,1
388,지나친|왜곡|은|곤란|.|.|김치양|.|..|강조|.|.|천추|태후|.|.,0
389,정말|재미없|다|-_-,0
390,"이|걸작|을|아직|안|본|사람|이|있|단|말|인가|.|..|음악|만|으로|도|볼|가치|가|있|는데|,|영상|/|액션|/|로맨스|머|하나|장엄|하|지|않|은|게|없|다|.",1
391,처량|한|영화,0
392,이게|뭐|야|?|확실히|벗|던지|.|.,0
393,진짜|재밌|게|봤|습니다|~|너무너무|그래픽|도|화려|하|고|~|재밌|었|어요|!|!,1
394,별반|개|도|아깝|다|보|는|내내|잠|깰|려고|혼났|다,0
395,진짜|무섭|다|아직|도|생각나|영화관|에서|공포|영화|안|보|게|됫음,1
396,ㅎㅎㅎ|걍|웃|김|편하|게|즐길|영화|ㅋ,1
397,방금|봤|는데|마|눌|엄청|우|네요|.|나|도|코끝|이|찡하|고|.,1
398,"라푼젤|,|겨울|왕국|에|지|지|않|을|명작|!|!|화려|한|색채감|이랑|감동|과|재미|까지|있|는|영화|다|.|엔딩|곡|이|너무|좋|아서|여운|마저|즐거운|영화|였|다|.",1
399,"너무|스토리|가|지루|하|고|느린|진행|이|답답|하|고|,|별로|.|..|재미|도|.|.",0
400,10|여|년|전|헐크|를|처음|봤|을|때|는|그다지|큰|재미|를|못|느꼈|지만|몇|일전|다시|봤|더니|인크레더블|보다|더|재밌|다|.|다만|처음|개봉|당시|엔|시대|를|너무|앞서|나간|듯|해서|아쉽|긴|하|다|.|인크레더블|의|라스트|씬|과|헐크|1|의|전체|적|인|내용|이|합쳐|졌으면|대박|쳤|을|듯|.,1
401,"이|드라마|.|..|너무|뻔하|고|극|적|이|다|.|..|말|도|안|되|는|악역|에|김민준|의|발연기|,|전도연|때문|에|봤|지만|개인|적|으로|정말|재미없|엇|음|.|.",0
402,유로|트립|보다|훨훨훨|~|씬|더|웃기|고|재밌|다|.|.|ㅎㅎ,1
403,더빙|이|아닌|원판|으로|봐서|너무|좋|았|고|재밌|네요|~,1
404,A|brilliant|example|of|the|dangers|of|making|a|movie|without|a|script|it|'|s|crap,0
405,소블|리|~♥|공|블리|~♥,1
406,쌩|뚱|맞|진|않|은|거|같|은데|;|ㅎ,1
407,진짜|82|년|코|난|더|바바리|안|은|열|번|을|봐도|재미있|고|인상|깊|은데|이건|뭐|어린이|용|만화|스타일|이|네|코난|도|넘|못|생|겻|고|.,0
408,정말|재미있|는|드라마|^^,1
409,뻔한|코메디|물|의|뻔한|재미|.,0
410,뜬금없이|장근석|이|왜|나오|냐|?|ㅋㅋ|겁나|뜬|끔|없|음,0
411,역시|여자|들|은|남자|가|수차례|나|바람|피워도|결국|그다지|상관없|나|보|군,0
412,tv|전기세|가|아깝|다|!|!!,0
413,뭐|야|이게|.|...,0
414,한국|영화|왜|이래|아|!|!,0
415,조페시|는|갬|비니|그|자체|.|..,1
416,내|가|멍청|한|건|쥐|.|.|감독|정신|세계|가|이상|한|건|쥐|.|..|김기덕|감독|보다|더|어렵|네|.|..,0
417,이|영화|는|원작|을|읽|을|의무|를|주려|하|고|있|다|.,0
418,나|공포|영화|좋|아|하|는데|정말|이거|보|면|후회|한다|~|내용|도|전개|도|구성|도|모두|엉망진창,0
419,존|잼|!|!!!|그|와중|에|마틴|졸|귀|ㅋㅋㅋ,1
420,역시|톰|쿠르즈|스케일|크|고|CG|정말|대단|해요|역시|나|입니다,1
421,말학|대|같|아서|별로|네요|내|말|내|가|죽이|겟|다는|데|ㄷ|ㄷ|이럼|극|현|.|.|비추|영화|임|감동|을|무기|로|그냥|말학|대임|.|.|실화|라던|대|그냥|말학|대|죠|.|.,0
422,진심|재미없|음|.,0
423,기대|안|하|고|봤|는데|.|.|근데도|.|.|실망|이|야|.|.|ㅠ|나|도|졸|렸|어|.|ㅠ,0
424,어휴|쓰레기|영화|수준|이런|거|왜|만드|나|몰라,0
425,막장|ㅋㅋ|삼|형제|랑|돌아가|며|사|는|여자|도|이해|불가|지만|동생|여자|취하|고|멀리|떠나|버린|브레드|피트|는|어떻게|이해|를|해야|할지|도무지|.|..|ㅡㅡ|사람|들|되게|개방|적|이|구나|ㅋㅋ|이런|게|남자|의|로망|이|라니|남자|들|무섭|다|;;,0
426,또|하나|의|캐|쓰레기|귀환|!,0
427,보영|누나,1
428,ㅋㅋ|ㅋㅋ|아|놔|웃음|이|한가득|~~!,0
429,"매해|한|번|씩|꼭|다시|보|는|드라마|입니다|.|..|봐도|봐도|여운|이|사라지|지|않|는|참|아름다운|드라마|입니다|.|.|개인|적|으로|김은숙|작가|최고|의|작품|은|지금|까지|도|,|앞|으로|도|'|연인|'|일거|라|생각|합니다|.|.|제|평생|소장|하|고|픈|작품|입니다|.",1
430,갑작|스러|온|앤|딩|.|멀|보여|준거|지|?,0
431,쩝|.|.|완전|.|.|허접|.|..,0
432,제|가|원래|7|점|줄려고|했|지만|9|점주|는|이유|?|간호사|누님|이|요|.|(|헤헤헤|~),1
433,보|는|사람|까지|긴장|하|게|만드|는|유아|인|연기|정말|쩐|다|ㅠ|.|ㅠ|너무|재미있|어요|진짜|어쩔|ㅠ|.|ㅠ,1
434,조윤희|오해|하|는|게|너무|많|다|.|.,1
435,재|밋|다|.,1
436,캬|.|.|굿|.|ㅋㅋ|ㅋㅋ,1
437,꿈꾸|는|듯|한|기분|~~,1
438,"기대|안|하|고|봤|는데|,|,|볼|만|했|다|.|굿|~~",1
439,잭|니콜슨|의|명연기|가|돋보이|는|수작|입니다|~~,1
440,"""|s|본부|""""|그린|로즈|,|하|고|다른|점|이|!|?|마왕|평점|하|고|생각나|평점|하|고|가|는|1|人|""",1
441,지금|생각|하|니|대단히|수준|낮|은|영화|다,0
442,콜린퍼스|는|마크|다아시|그|자체|다|.|.|연기|가|연기|같|지|않|음,1
443,정말|유쾌|하|게|봤|던|영화|!|캐스팅|도|좋|구|즐겁|게|봤|습니다,1
444,스텝업|4|포역|시|재미있|다|빨리|스텝업|올인|보|고|싶|다,1
445,굿,1
446,잼|있|어요|첨|부터|끝|까지|흥미|진진|한글|문자|자막|이|좀|어색|하|긴|했|지만|ㅎㅎ|리암니슨|이|나오|는|영화|는|모두|최고|!,1
447,마음|에|듭니다|.,1
448,sf|좋|아|해서|디비|디방|에서|포스터|만|보|고|이름|봐뒀|다가|다운|받|았|는데|이건|뭥미|.|....|코미디|네|ㅋㅋㅋ|ㅋㅋㅋ|ㅋㅋㅋ|ㅋㅋ,0
449,죄|와|실수|는|모든|불행|은|나|의|죄|에서|온|것|이|다|그리고|그|상황|을|변화|시키|는|길|은|회개|하|여|예수|님|의|피|로|양심|의|자유|를|찾|는|길|이|라는|걸|다시금|확증|하|게|해|주|는|메세지|강력|한|작품|.,1
450,안|귀여워|여,0
451,심형래|감독|님|응원|합니다|^^|ㅎ,1
452,동양|을|품|은|서양|영화,1
453,아우|~|이|영화|진짜|쓰레기|네|.|.,0
454,항상|떠오르|는|영화|.|...|그곳|에서|다른|사람|행복|하|게|해|줬|던|것|만큼|행복|하|세요|!|많이|그리울|거|예요|.|..,1
455,걍|그러|네요|졸|ㄴ|ㄱ|욷|?|졸리우|다,0
456,외모|가|떨어지|는|여배우|들|이|입|으로|떠|든다|.|.,0
457,연계|성|이|말|도|안|되|는|영화|.|갑자기|내|가|범인|이|지롱|~~|하|는|반전|아닌|반전|은|뭐|야,0
458,보내|는|내내|궁금증|은|유발|하|지만|지루|하|게|끝나|버림|.,0
459,평점|이|머|이리|낮|어|?|?,1
460,뭔가|아련|하|네요|.|..|감성|을|충분히|자극|시켜|준|것|같|습니다,1
461,사람|이|계속|죽|어서|맘|에|안|들|었|지만|성룡|의|연기|는|일품|(|一品|)|이|었|다|.,1
462,네이버|에|장르|가|코미디|라고|써|있|어서|심히|놀랐|다|그런데|SF|라고|써|있|는|걸|보|고|두|번|놀랐|다,0
463,"잔잔히|밀려오|는|감동|,|,|엔딩|도|멋지|고|살며시|눈물|을|.|..|전생|은|참|가슴|아픈|일|이|죠|.|.",1
464,상당히|좋|은|배우|들|이|완전|막장|영화|에|나온|경우,0
465,재미없|어|.|.|1|점|준거|중|한국|영화|죄다|9|~|10|점|준|M|창|있|네,0
466,이거|왜|만들|다|말|었|어,0
467,우리|나라|개티|즌|수준|이|란|게|엑스맨|보고|10|점|주|고|이거|보고|1|점|주|면|초딩|취급|하|는|건가|?|난해|한|영화|보|고|자기|는|이해|를|했으니|10|점|주|는|거|라고|잘난|척|하|는|게|제일|한심|하|고|무식|한|거|다|.|개념|없|는|놈|들|아|.|진짜|멍청|한|놈|들|참|많|아|.|..,0
468,나|에겐|의미|보단|흥미|로운|상황|들|의|나열|이|재미있|었|다|.,1
469,[|IMDB|7|.|4|/|10|]|내|가|태어난|즈음|의|시절|을|보|기|위해|무려|블|루|레이|로|감상|하|였|지만|.|.|감독|까지|바보|일|줄|이|야|.,0
470,스토리|도|엉성|하|고|액션|도|무슨|이종|격투기|의|기술|전수|하|러|만든|건지|.,0
471,"사랑|의|조건|은|서로|를|있|는|그대로|를|받|아|들이|는|것|에서|출발|한다|.|그리고|서로|의|소외|를|감싸안|아|줄|수|있|는|것|,|그것|이|바로|진정|한|사랑|의|조건|이|다|.",1
472,이건|머|냐|.|.;;|태극|권|을|배운|옹|박이|냐|;;,0
473,이|영화|제목|이|헷갈려서|이제|찾|았|네요|.|정말|재밌|게|본|영화|구요|.|..|눈물|펑펑|납니다,1
474,어느|정도|성격|을|따라|하|려는|노력|도|없이|그냥|밑그림|만|가져다|쓴|창작극|.|노아|가|믿음|으로|수|OO|걸쳐|만든|걸|웬|돌덩이|들|이|방주|다|만들|어|주|냐|.|깜짝|이|야|!|마지막|에|아로노프스키|이름|이|반전|이|다|.,0
475,남주|헤어|스타일|왜|저래|.|..?|가|게|분|신노|찌|쯔|!|!!!,0
476,세|윤|이|철|규|못지|안케|개|찌질|임|결혼식|깼|다고|사적|으로|연락|하|지|말|해|미친|ㅋㅋㅋ|ㅋㅋㅋ,0
477,베토벤|어린|시절|넘|귀엽|ㅋㅋㅋ|ㅋㅋ|신기|하|고|잼따|ㅋㅋㅋ|ㅋㅋㅋ|ㅋㅋㅋ,1
478,"감독|도|잘|만들|어|보|고|싶|었|겠|지|.|아마|봉준호|처럼|찍|고|싶|었|을|거|야|.|하|지만|어쩌|겠|어|,|,|이게|자기|실력|인|걸|.|욕|은|하|지|않|겠|어|,|최선|을|다|한|걸|테|니까|.|그래도|좀|심하|긴|했|어|.|다른|일|을|고려|해|봐|.|천재|성|까진|아니|어도|최소한|의|자질|은|있|어야지|.",0
479,락|영화|인데|노래|가|없|다,0
480,보|고|나|서|가슴|이|먹먹|해졌|다,1
481,공포|의|실체|가|뭔지|전혀|나오|지|도|않|고|연기자|들|끼리|우왕좌왕|하|는|모습|밖에|.|.|이렇게|지루|하|고|의미|없|는|영화|는|정말|오랜만|이|다|.|화|가|날|정도|로|지루|하|고|재미없|어서|어|이|가|없|을|뿐|.|.,0
482,"ㅡ|,|ㅡ알바놈들시키",0
483,아무리|다|OO|봐도|무영검|찾|을|수|가|없|어서|결국|네이버|에서|다운|받|았|네|ㅋㅋ|아|살|다|살|다|여기|서|영화|다운|을|받|기|는|처음|이|네|.|...|근데|중요|한|건|재미|가|없|네|.|......|윤소이|연기|가|참|.|.......,0
484,미스|캐스팅|에|공감|이|안|가|는|소|트리|.|위트|넙치|는|대사|는|좋|음,0
485,가정|교육|상|안|좋|은|드라마,0
486,ㅋㅋ|평점|3|점|인|줄|알|았|더니|으|외로|높|네요,0
487,"마이너스|를|줄|수|만|있|으면|.|.......|난|오늘|부터|장래|희망|은|감독|이|다|,",0
488,재미없|어라|.|.,0
489,여태|본|영화|중|에|최|최악|영화|.|.|웃긴|요소|는|많이|넣|은|것|같|은데|하나|도|안|웃기|고|억지|스럽|고|영화관|에서|잠들|었|음,0
490,0|점,0
491,똥|두간|유머,0
492,아|이딴|걸|영화|라고|-_-;|포스터|캐|안습,0
493,잊|고|있|던|명작|!|드디어|찾|았|다|!|!,1
494,실화|라지만|내용|에|굴곡|이|없|다|.,0
495,확실히|재미|지|겠|네|ㅋㅋㅋ|색다른|손오공|이|라|.|.,1
496,웹툰|을|안|봐서|모르|겠|지만|영화|스토리|도|탄탄|하|고|배우|들|의|연기|도|좋|았|다|.,1
497,기덕|의|쓰레기|시리즈|.|이런|쓰레기|에|상|까지|준|놈|들|도|같이|쓰레기|.,0
498,진짜|진짜|대박|수준|떨어지|는|드라마|~|어떻|게|이런|내용|을|드라마|라고|나참|어이없|네요|권선징악|이|라도|있|던지|~|이건|무슨|국적|불명|의|드라마|입니까|?|글|쓰|신|분|이나|연출|하|시|는|분|이나|정신|들|이|나가|셨|나|?|ㅉㅉ|한심|합니다|!,0
499,여기저기|서|아이디어|를|빌려서|짜집기|한|영화,0
500,이정현|예쁘|다|.|정신|나간|연기|도|꼴|릿|하|네요|.,1
501,브래드피트|가|이렇게|귀여웠|다니|.|.,1
502,유승준|그|의|수준|을|딱|보여|주|는|영화|.|.,0
503,마지막|성당|최후|의|결전|에|날아오르|는|비둘기|는|잊혀|지|지|않|는다|.,1
504,아|놔|이|아저씨|너무|웃겨|ㅋㅋㅋ,1
505,이수정|이|한지훈|한테|강한|사람|이|니까|견뎌|라|이런|식|으로|말|할|때|채널|돌림|ㅋ|내|가|이때|까지|왜|봤|나|싶|다|.|안|본다|이제|.,0
506,열라|짜증|나|게|재미없|네,0
507,재미|와|감동|을|둘|다|놓친|크리스마스|최악|의|영화|!,0
508,그래도|보|고|후회|는|없|다,1
509,왜|나|는|웃|지|않|았|을까|.|....|내|가|뭔가|부족|한가,0
510,"그래|플|링|9|단|교섭|가|와|타격|15|단|주민|들|의|치열|하|고|도|구수|한|공방전|!|설득|의|법칙|은|,|깨어난|농민|들|에게|무너지|고|,|터미네이터|는|사람|으로|거듭난다|.|쿨|하|고|세련|된|각본|,|위트|넘치|는|대사|들|,|따뜻|한|색채|,|함축|적|인|영상|,|대단히|매끄럽|고|부드러운|연출|!",1
511,내|가|쓴|평점|지워졌|네|-_-|카를로|.|ㅋㅋ|ㅋㅋ,1
512,아주|재미있|지|도|없|지|도|않|은|밍|숭|맹|숭한|영화|.|..,0
513,의외|로|재밌|던|걸|~~,1
514,헤|롱|헤|롱|술|처먹|구|영화|만드|나|?|어쩜|이리|도|징글맞|게|한결|같|은지|.|.,0
515,스토리|도|좋|았|지만|역시|덴젤워싱턴|이|다|ㅋㅋ,1
516,그|나이|또래|류현경|만|한|배우|도|없|다,1
517,충무로|돈|이|남아도|나|봐|?,0
518,공포|에|관한|트라우마|로|남|아|있|을|정도|로|어린|시절|충격|적|이|었|던|영화,1
519,시사회|로|봤|는데|정말|가슴|이|찡해|와요|~,1
520,억장|이|무너|집니다|.|내|시간|아|.|...,0
521,TV|드라마|과|비교|하|면|한마디|로|함량|미달|날림|공사|이|다,0
522,잔잔|하|고|자연|스러운|엔딩|억지|스럽|지|않|은|코믹|정말|만족|했|어요|그|이웃|에|살|고|싶|어요|추천|해요|!|엔|딩크|레딧|에서|NG|장면|나오|니|참고|하|시|길,1
523,웃기|고|미친|세상|이|지만|반드시|지켜야|만|하|는|것|도|있|다|.|스타일|이|확고|해서|깔|수|가|없|네|.|니콜라스|케이지|도|굿|이|다|.,1
524,요즘|에|볼|드라마|가|없|어서|봤|던|거|중|에서|뭘|볼까|생각|했|는데|이|드라마|가|딱|생각|이|났|다|시청|률|이|낮|은|게|아쉽|다|이|드라마|를|많|은|사람|들|이|봤|으면|좋|겠|다는|생|각이|들|정도|로|좋|은|드라마|였|고|개인|적|으로|난|매우|재미있|게|봤|다|나오|신|분|들|도|다|너무|좋|았|다,1
525,독립영화|를|처음|보|았|어요|그것|도|3|D|영화|를|.|.|!|보|는|법|을|알|아야|될|것|같|아요|부산|영화제|에서|영화|전문가|들|의|평론|을|보|고|다시|2|D|를|보|고|나|니|?|이제|물고기|영화|를|이해|할|것|같|습니다|창의|적|인|새로운|영화|를|봤|네요|감명|이|에요,1
526,설마|설마|햇|는데|ㅋㅋ|패션왕|결말|에|어이없|어서|웃음|이|라도|나왓|지|이건|짜증|만났|음|ㅋㅋ|중간|에|애|가|현우|한테|엄마|포기|하|라|할|때|진짜|줘|박|고|싶|엇|을|정도|엿|음|ㅋㅋ|작가|가|레|얼|미친|듯|함,0
527,당연히|우리|응사|지|!|!!,1
528,처음|본|사람|은|이해|가|어려움|.|여기|나오|는|악역|들|코난|이|원래|알|고|있|던|사람|으로|보이|는데|전|에|어떻게|안|건지|궁금|함,0
529,클라우드|아틀라스|를|감명깊|게|본|김기덕,0
530,이건|진짜|6|점|이|적당|함|평점|내려야|됨|화끈|한|액션|이|있|는|것|도|아니|고|반전|이|엄청난|것|도|아니|고|노|출신|이|있|는|것|도|아니|고|보|다가|살짝|잠들|었|음,0
531,북한|나와서|더|관심|이|가|고|내용|도|볼|만|하|다|.,1
532,best|of|best|얼른|종합|랭킹|1|위|로|보내|자,1
533,안톤|시거|연기|는|전설|이|다,1
534,세|배우|의|열연|이|아른거린다|.,1
535,돈|완전|아까|운영|화|차라리|봤|던|영화|다시|보|는|게|훨씬|돈|안|아깝|다,0
536,정말|예전|영화|인데|아직|까지|도|볼|수|있|다니|.|.,1
537,잭스|키스|말|고|강성훈|이|또|있|네|ㅋ,1
538,의미|없이|달리|기|만|하|는|영화,0
539,1|편|은|재밌|었|는데|2|편|은|왜|이따위|로|만들|었|냐,0
540,몇|년|지나|서|봐도|재밌|다,1
541,닭|털|뱉|어|낼|때|매우|웃|엇|다|.|혼자|만|봐라|둘|이|보|면|솔직히|민망|하|고|쪽팔리|다|.,0
542,정말|풋풋|한|내용|이|내용|감동|받|았|어용|우울|한|현대|시대|를|잘|표현|한|거|같|내영|손녀|의|마음|이|할아버지|를|감동|시키|고|부모|를|이어지|게|하|고|이런|딸|하|나|있|으면|행복|하|겠|어용|잘|봤|습니당,1
543,10|점|으로|도|모자라|요|마음|이|찢어질|듯|한|아픔|들|을|정말|천국|보다|아름다운|영상|과|색감|으로|표현|한|것|같|아요|제|인생|에서|최고|의|영화|에|요|글|로|쓰|긴|부족|할|만큼|마음|이|아리|면서|도|설레|네요|이|영화|는|말|그대로|천국|보다|아름답|습니다,1
544,그냥|불교|선전|영화|같|다,0
545,살|다|살|다|이런|영화|는|첨보|네요|다른|분|들|은|속|아서|보|지|마시|길|.|.|돈|아깝|네요|그래픽|은|1980|년|대|그래픽|이|고|스토리|전개|가|말|로|다|하|네요|나참|.|시간|아깝|네요,0
546,너무너무|중요|한|날|이|라며|강조|하|면서|시종일관|불|필요|한|작위|적|인|주변|부|이야기|들|로|집중|을|방해|한다|.|치밀|한|각색|이|아쉽|다|.,0
547,춤|실력|.|.|케|릭터|.|.|스토리|뭐|하나|스텝업|과|비교|조차|안|되|는|졸작|~|카피|수준|도|안|된다|.|.,0
548,전편|이|좋|았|다,0
549,고전|애|니|너무|좋|아요,1
550,가슴|이|먹먹|하|고|아름다운|영화,1
551,이|지울|수|없|는|허전|함|.,0
552,악당|이|오히려|안타까움,1
553,동성애자|실태|보|고|http|:|/|/|news|.|donga|.|com|/|3|/|all|/|20070518|/|8443553|/|1|어느|동성애자|의|양심|고백|http|:|/|/|www|.|christiantoday|.|co|.|kr|/|view|.|htm|?|id|=|242243,0
554,옷|은|정말로|ㅎ|ㄷ|ㄷ|하|더이다,1
555,진짜|.|..|원작|훼손|쩌|는|듯|.|.|ㅋㅋ,0
556,"나이|에|상관없이|누구|나|갖|고|있|는|,|이루|어|질|수|없|었|던|첫|사랑|에|대한|기억|이|아련|함|으로|다시|피어날|수|있|게|해|준|영화|.|영화|자체|만|놓|고|봤|을|때|재평가|되|어야|할|명작|.",1
557,자신|의|죄|를|덮|으려는|자|와|거짓|에|맞서|싸우|는|자|.|목숨|의|문제|가|아닌|영혼|에|대한|그|들|의|싸움|.|마녀|사냥|과|종교|재판|은|신|을|위한|것|이|아닌|인간|의|탐욕|때문|에|행해졌|다는|것|을|보|란|듯이|드러내|는|영화|.,1
558,뉴욕|의|갱|들|.|지루|하|네유|.,0
559,^^|꿀|잼|으헤헤|헤헤|나름|잼|나|여,1
560,장화|홍련|과|함께|최고|의|영화,1
561,엠마|탐|슨|참|이쁜|듯|.|.|성숙|한|연기|란|바로|이런|것|.|.,1
562,평화|의|시대|보다|나으니|10|점,1
563,아이고야|.|.|이|좋|은|소재|로|이렇게|지루|해서|야|원|.|.,0
564,송재림|♥|김소은|커플|너무|좋|아|여|!|!,1
565,이건|좀|너무|했|다|.|...,0
566,한니발|은|그냥|조연|인데|나름|괜찮|았|다|.|꽤|괜찮|은|스릴러|다|.,1
567,중간|쯤|에서|스토리|를|짐작|해버림|.|..|재미|도|없|고|지루|함|.,0
568,좋|았|어요|앞|으로|도|좋|은|영화|많이|만들|어|주|세요,1
569,정말|이|극장판|은|재미있|었|다고|생각|된다,1
570,재미없|다|삐리|뽕,0
571,아무|도|몰랐|지만|어느|누군가|에게|는|잊|지|못|할|추억|그|자체|만|으로|의|소중|한|아름다움,1
572,원작|의|내용|과|다른|게|흠|이|지만|.|..,1
573,메인|포스터|가|이|영화|를|가장|짜증|나|게|하|는|부분|을|잘|말|해|주|고|있|다|.|결말|은|남|는|게|없|는|.|.,0
574,알렉산드라|마리아|라|롸|의|착한|마음|과|그|보다|착한|몸매|.,1
575,"사회|에서|소외|받|는|사람|들|을|주인공|으로|한|건|신|의|한수|.|무리|에서|떨어진|개|와|꼬마|남자|아이|,|독거|노인|.|크|던|작|던|,|화려|한|소박|하|던|다|들|꿈|이|있|고|그걸|이루|는|과정|이|아름다운|영화|.",1
576,내|나이|서른|다섯|.|..|수지|에게|끌린다|.|.|아저씨|집|에서|라면|먹|고|갈래|?|ㅎㅎ,1
577,시간|아까움|1|시간|이상|을|1|명|에|좁|은|공간|이|라|보|는|내|가|답답|함|.,0
578,딱|말|해|준다|잉|안|나온다,0
579,진짜|.|...|볼|가치|가|없|는|영화|네요|.|...,0
580,"상세|하|지|도|,|침착|하|지|도|않|고|민영화|에|대한|겉|핧기에|치중|한|,|보이|는|데|만|짚|고|넘어가|는|다큐|.|이건|민영화|입문|용|도|,|그렇|다고|민영화|에|대해|대략|적|으로|아|는|사람|들|을|위한|심층|자료|도|ㅇ|안|된다|.",0
581,10|점|은|좀|아니|져|.|..|너무|극단|적|으로|얘기|를|끌|고|간|감|이|있|네요,0
582,휼륭한|연기|에|신랄|한|연출|까지|흠잡|을|게|없|는|완벽|함|이|흠|이|라면|흠,1
583,3|번|정도|봤|는데|정말|감명깊|네요|벵상뻬레|도|멋지|구요|이|영화|보|면서|베트남|에|대한|환상|이|생기|더라구요,1
584,펑|점|조절|위원회|에서|나왔|습니다|.|..(|웃음|)|평점|1|점|짜리|는|아니|지만|.|..(|웃음|),0
585,권|악징|선|드라마|네|.|.,0
586,영화|보|는|내내|이뻤|던|김정화|의|모습|은|보이|질|않|았|다|.|..,0
587,"휘발|성|이|강한|기억|을|매개|로|한|네트|에서|의|삶|.|소령|의|삶|은|현대|,|인간|을|닮|아|있|다",1
588,위노나라이더|의|할리우드|식|오버|연기|.|할리우드|다운|손발|오그라드|는|결말|.|겨우|봤|다|.,0
589,"도대체|카메라|앵글|은|왜|그렇게|돌려대|는지|,|어지러워서|토|나오|는|줄|알|았|다|.|머리|아파서|도저히|볼|수|가|없|어|포기|,|대체|뜨|니아|는|누군지|궁금|할|뿐",0
590,좀|실망|스러웠|다|.,0
591,재미없|고|지루|함|.|고사|1|이|훨씬|긴장감|도|있|으면서|스릴|도|있|고|설득력|도|충분|하|고|무섭|기|도|했|다|.|고사|2|는|긴장감|도|없|고|무섭|지|도|않|고|엄청|잔인|하|기|만|함|.,0
592,두|배우|의|예전|모습|을|볼|수|있|어|좋|았|다,0
593,그|당시|에|같|은|국가|는|아니|지만|하나|의|뿌리|민족|이|라는|개념|은|고구려|신라|백제|모두|있|었|습니다|.,1
594,대한민국|최고|의|청춘|영화|.|.,1
595,"내용|전개|엄청|빠르|네|,|,|,|멜|로|는|역시|90|년|대|가|최고|인|듯|,|,|,|,|,|,|,|좋|다|약속|.|.",1
596,곽지민|팬|이|라서|10|점|줍니다|ㅋㅋ|독립영화|이|더라구요|^^,1
597,진짜|개|노|잼|개개|개개|노|잼,0
598,인간|으로서|양심|이|있|다면|이런|걸|보여|주|고|돈|받|으면|안|되|지,0
599,정점|의|전쟁|영화,1
600,왜|진작|보|지|않|았|을까|.|..|마음|따뜻|해|지|는|영화,1
601,재밌|네|.|연애|애|니|보|는|남자|덕|후|들|이|일본|연애|영화|보|고|싶|다면|이거|보|면|좋|을|거|같|다|.,1
602,지브리|계속|되|면|좋|겠|구만|.|.,1
603,8|점|주|려다가|너무|낮|아서|좀|올라가|라고|10|점|나름|재미있|길래|검색|했|더니|티아라|맴|버|가|나오|는군요|;;|티아라|얼굴|을|모르|므로|.|.;;,1
604,11|점|도|모자라|다|.|최고|.,1
605,90|년|대초|영화|를|늦|게|개봉|한|줄|알|았|더니|정석원|이|85|년|생|이|네|.|..,0
606,흠|.|.|매트릭스|와|다른|오묘|한|맛|이|있|는|영화|같|네요|.,1
607,윤아|는|가수|만|하|는|걸로|.|..|연기|는|과욕|.|시청|하|기|열라|부담,0
608,150|분|이|라는|긴|러닝|타임|이|이해|되|지|않|을|정도|로|빈약|하|고|뻔한|이야기|청문회|씬|은|오글거리|지만|의미|와|전|율|이|있|다,0
609,이야|최고|다|ㅋㅋ,1
610,신선|한|발상|.|발랄|한|재치|!,1
611,올해|최고|의|드라마|!|황정음|연기|압권|이|었|어요,1
612,우와|아아아|.|..|진짜|재미없|다,0
613,"정말|이런|영화|만들|지|마세요|.|..|감동|을|주|든|,|재미|를|주|든|,|교훈|을|주|든|,|감정|을|주|든|.|..|영화|의|목적|이|전혀|없|는|그냥|싸이코|영화|로|봤|습니다|.|이|글|보|고|감독|님|이|상처|받|을|수|도|있|을까|도|생각|하|는|데|감독|님|상처|좀|받|아야|합니다|.|..",0
614,새하얀|재가|될|때|까지|타오르|던|죠|.|정말|명작|입니다,1
615,"하|,|.....|우리|나라|처음|영화|나왔|을|때|가|더|나|을|듯",0
616,완전|별로|진짜|왜|만들|었|져|?|?,0
617,넝쿨|째|굴러온|당신|짱|!,1
618,토|나옴,0
619,짐캐리|는|항상|최고,1
620,보|는|내내|그냥|좋|았|다|.|하지만|결말|은|무엇|을|말|하|고|싶|었|던|건지|모르|겠|다|.|감독판|이|따로|있|는|건지|.|..|과거|는|어|케|하|고|갑자기|현실|에서|결말|을|맺|어|버린|건지|.|..|보|는|내내|잔잔|한|미소|를|머금|게|해서|그런지|결말|을|이해|못|하|는|나|로선|더욱|반감|이|가|는|영화|다|.,0
621,정말|재밌|다|연기|도|좋|고|디카프리오|짱,1
622,보호자|이란|새로|나온|소재|영화|가|새로|나왔|고|스릴|도|넘치|고|아이|를|유괴|하|게|되|는|그런|보호자|영화|가|생각|이|납니다|대박|나|십시오,1
623,액션|영화|인|줄|알|았|는데|아|겁나|지루함|.|.|.|ㅡㅡ,0
624,재밌|네|비슷|한|영화|를|안|보|신|분|들|한테|는|재미있|을|듯,1
625,보|면서|내내|폭소|하|다|못|해|내장|이|뒤틀렸|다|.,0
626,잼|없|다|잼|없|다|잼|없|다|잼|없|다,0
627,잼|있|었|어염|ㅋ|기대|안|하|구|봤|능|뎅|ㅋ|짱짱,1
628,상당히|잘|만들|어|진|영화|.|사랑|사랑|누가|말|했|나|~~,1
629,이제|그만|~|착한|조폭|몇|이나|된다고,0
630,이|영화|를|이제|서|야|보|다니|.|.|감히|내|인생|최고|의|영화|중|하나|로|꼽|을|수|있|을|만|한|작품|.|어떻게|살|아야|할지|나|를|위한|고민|을|한번|더|하|게|되|는|시간|.|그리고|모건|프리먼|은|나이|가|들어도|여전히|섹시|하|다|.,1
631,살짝|아쉬운|점|이|있|었|지만|재밌|었|넹|.|..,1
632,내|주변|을|정돈|하|고|천천히|하나하나|보|자|그럼|하나하나|가|다|기적|이|니까|.|.,1
633,진짜|정말|재|밋|다|한국|영화|중|에|최고|다,1
634,다른|극장판|시리즈|보다|비교|적|긴장감|있|는|탄탄|한|스토리|에염|~^^,1
635,"""|총|맞|아도|끄떡|없|는|고라|.|""""|암|물리력|면역|사실|상|모든|공격|면역|인데|당연|하|지|!|"""".|근데|어|이|없|게|1|~|2|분|있|다가|바주카포|인지|유탄|발사기|인지|그거|한발|에|기절|함|.|ㅋㅋ|ㅋㅋ|그거|보고|그냥|바로|끔|.|장난치|는|것|도|아니|고|.|""",0
636,더럽|게|재미없|다|ㅠㅠ|뭐|야|이게|.,0
637,아|.|...|이런|어설픈|구성|.|..|소재|는|좋|았|는데|.|..|쩝|.|.,0
638,그|정도|숲|은|한국|에|도|많|아요|.|.|속지|마요|.|.|넘|재미없|어요|.|.|우왕|차비|아까워|.|.,0
639,이태임|은|당장|연예계|복귀|하|라|!|남성|팬|들|이|울부짖|고|있|다|!,0
640,굳|좋|아요|좋|아요|ㅎ|좋|아요,1
641,정말|재미있|음|!|!!,1
642,나|는|누가|이|영화|는|어떤|영화|냐|물으면|대답|할|것|이|다|.|당신|아버지|의|이야기|입니다|.,1
643,연기|연출|촬영|편집|음악|어느|하나|흠잡|을|데|없|다|.|늘|추억|속|에|간직|되|고|있|는|영화,1
644,이|영화|는|뭘|이야기|하|려는|거|냐|.|.,0
645,한강|사장|뉨|>|ㅁ|ㅁ|신고,1
646,이거|재미없|다는|섹|히|들|다|OOO|진짜,1
647,카이지|를|뺏|겻|느니|라이어|게임|을|뺏|겻|느니|하|는데|.|그런|포맷|의|프로그램|은|한|번|나오|고|나오|지|말|아야|하|는가|?|??|전혀|다른|것|만|나와야|한다고|?|난|이런|류|다|좋|아|한다|.|근데|뭐|시청자|를|우롱|한다|?|개인|의|생각|을|모든|시청자|를|대표|하|지|마|라|.|거지|같|은|블로거|에게|하|는|말|입니다,1
648,뒤죽박죽|이야기|전개|가|엉망|이|다,0
649,결말|이|별로|다가|아니|라|서사|자체|가|똥|망하|고|만|영화|임|ㅜ|ㅜ너무|이것저것|펼쳐|놓|다가|이|도저|도|아니|게|되|어|버린|영화|ㅜ|ㅜ|매우|많이|아쉬움,0
650,"옛날|추억|을|떠올리|며|즐겁|게|봐서|요|.|안타|가|운건|지라치|를|선물|로|주|어도|다시|보|는|사람|이|대부분|없|다|.|따라서|대부분|CGV|는|5|일|,|일부|CGV|는|12|일|,|후|영상|시간|을|볼|수|없|다|.|재밌|게|봤|으니까|되|고|,|인기|없|어도|괜|찬다|.",1
651,감독|은|작가|로|만|만족|을|하|는|게|나았|다|.|좋|은|배우|들|도|대충대충|출연료|만|츄|르|릅|.|..,0
652,이런|영화|만들|수|는|있|다|.|그런데|실화|라는|말|좀|붙이|지|마|라|.,0
653,그냥|좋|아요|.|...|희|태가|좀|불쌍|하|지만|드라마니|준|이랑|일리|사랑|하|는|모습|계속|보|고|싶|어요|.|...,1
654,재밌|게|봄|.,1
655,보|는|내내|불편|.|두|강간범|을|죽인|것|은|인정|.|하지만|자신|이|정신|이상|이|라|부르짖|으며|어떻게|든|풀려|날려|는|비겁|함|을|보|고|또|다른|정의|의|훼손|을|목격|한다|.|결국|인종|차별|이|란|것|도|정의|의|범주|가|아니|던가|.|수단|과|방법|을|가리|지|않|고|자신|의|정의|만|을|추구|?,0
656,너무|기대|를|했|나요|.|..|전체|적|으로|지루|한|감|이|많|습니다|.|액션|씬|도|솔직히|좀|.|.|별루|였|고|뭔가|화려|하|고|볼거리|도|없|고|스토리|내용|은|.|..|산|으로|산|으로|흘러|결말|은|그냥|어처구니없이|끝납니다|.|비|추천|해요|~|시간|아까웠|음|.|.,0
657,다음|편|이|너무너무|기다려|지|는|드라마|임|!,1
658,그냥|존나|역겹|고|싫|다|중학교|1|학년|땐가|봤|는데|ㄹ|ㅇ|충격|먹|음|그냥|이거|보|면|기분|이|개엿|같|다|진짜,0
659,이게|무슨|영화|냐|?|컨셉|도|없|고|재미|도|없|고|감동|도|없|다|.,0
660,재미|있|게|봤|어요|!|!!.!..,1
661,이|영화|가|2008|년|에|만들|어|졌|다는|게|진짜|충격|적|이|다,0
662,재앙|이|다|ㅅ|ㅂ,0
663,모든|SF|영화|의|최고봉|.,1
664,대박|영화|~|남자|들|의|세계|를|느낄|수|있|다|.,1
665,콩|!|!|콩|!|!!|콩콩콩콩,0
666,개인|적|으로|소재|가|참|아쉽|다|.|..|누가|비슷|하|게|제대로|만들|었|음|좋|겠|어요,0
667,이거|재미있|어요|.|.::,1
668,포스터|클라스|최소|복고풍|.|.|하드|뒤지|러|갑니다|.,0
669,나루토|ㅋㅋ,1
670,극장|에서|돈|이|정말|아까웠|던|영화|.|.|졸리|씨|에게|무지|실망|했|던|.,0
671,지루|하|고|잘|뻔했|다|.|.|소요|가|자켓|을|얻|기|위해|뽀뽀|를|하|는|장면|은|충격|적|이|였|다,0
672,용기|를|낸|여주인공|정말|멋지|다|!,1
673,444|를|위하|여|!|다|힘|씁시다,0
674,재|밋|음|재|밋|음|\|재|밋|으미|야|ㅓ엉재밋음재밋어,1
675,계속|그냥|돌아가|며|총|쏘|는|걸로|만|끝|나|는|싱거운|스토리|에|당황|.|..|서바이벌|과정|이|너무|빨리|끝나|서|긴박감|이|오히려|반감|됐|음|.|솔직히|결말|등|의|부분|도|이미|많이|쓰|는|클리셰|였|음|.,0
676,좀|전|에|보|고|옴|.|...|ㅋ|.|ㅋ|.|ㅋ|.|ㅋ|.|ㅋ|.|ㅋ|.|ㅋ|.|ㅋ|스마일리|의|최대|피해자|는|본|사람|들|임|.|.|젠장,0
677,씹|노|잼|이|다|.|진짜|ㅋㅋㅋ,0
678,재미|가|없|다|.|..|지루|하|다|.|..|'|죽|어도|좋|아|'|의|외국|판|.|..,0
679,그냥|색다른|시선|으로|만들|어|낸|완벽|한|영화|최고|입니다|.|..,0
680,이렇게|지루|한|공포|영화|는|처음|인|게|호러,0
681,1|편|에|비해|너무|허접|함|.,0
682,good,0
683,"시대|를|앞서간|액션|,|그리고|철학|.|.|그리고|미국|의|'|웨스턴|무비|에|대한|감독|의|오마|쥬|.|.|훌륭|하|다|.",1
684,재미없|음|평점|이|속|았|습니다,0
685,왠만|하|면|평점|등록|안|하|는데|진짜|쉣임|이게|어떻게|개봉|할|수|있|었|지|?|?|감독|삐|꾸|인가|?,0
686,사회|현실|반영|에|이국|적|정취|까지|가미|한|노력|에|도|전체|적|인|분위기|는|고리타분,0
687,"사회|에서|소외|받|는|사람|들|을|주인공|으로|한|건|신|의|한수|.|무리|에서|떨어진|개|와|꼬마|남자|아이|,|독거|노인|.|크|던|작|던|,|화려|한|소박|하|던|다|들|꿈|이|있|고|그걸|이루|는|과정|이|아름다운|영화|.",1
688,오페라|의|유령|현장|에서|보|는|것|처럼|실감|나|게|잘|봤|습니다|.|다음|에|또|보|고|싶|네요|~,1
689,별로|였|어요|.|묘사|도|대사|도|배경|도|맘|에|들|지|않|았|어요|.,0
690,tv|전기세|가|아깝|다|!|!!,0
691,20|년|전|봤|던|그때|의|감정|기억|이|아직|도|생생|함|제|인생|최고|의|영화,1
692,멀|기대|하|냐|품|번|알|아|봐서|그거|나|봐,0
693,판타지|영화|가|이렇게|감동|과|여운|을|남길|수|도|있|구나|싶|었|던|.|.|이렇게|긴|영화|를|딴|짓|할|수|없|게|만드|는|몰입|력|.|.|14|년|전|에|도|저런|영화|를|만들|다는|것|.|.|스토리|가|탄탄|하|고|연기자|들|모두|가|대단|했|다는|것|이|모든|게|평점|이|높|은|이유|였음을|깨달|음|.,1
694,주식|해|보|려는|사람|한테|한번|정도|는|보여|주|자,1
695,정말|올해|본|영화|중|최악|의|영화|다|ㅠㅡㅠ|절대|보|지|마시|길|.|.,0
696,모야|아|ㅜㅜㅜ|애|니|뒷|이야|긴|줄|알|고|봤|더니|짜깁|기|야|.|..|실망,0
697,There|are|no|innocent|civilians|.|전쟁|에|무고|한|민간인|은|없|다,0
698,다운|어디|서|받|나|여,1
699,내|스타일|은|아닌|거|같|다|ㅡㅡ,0
700,지금|보|면|뭔|내용|인지|이해|도|안|감|아무리|평점|높|게|주|고|싶|어도|이건|해도|해도|너무|함,0
701,거의|10|여|년|만|에|다시|보|는|데|도|소름|이|끼칠|정도|다|내|가|감히|평가|하|는|게|죄송|스럽|다|10|년|뒤|에|또|보|고|싶|다|그리고|또|10|년|뒤|에|도|.|..|길|이|남|을|수작|이|다,1
702,정말|화려|한|캐스팅|이|지만|.|.|영화|의|내용|은|별로|였|다|.|.,0
703,"알|지|못|햇|던|엄청난|영화|엿|다|.|긴장감|과|치밀|한|각본|,|러셀|크|러|우의|완벽|한|연기|가|만난|영화",1
704,최고|다|무슨|말|이|필요|할까,1
705,선동|영화,0
706,꽤|괜찮|았|어요|!,1
707,너무|유치|하|고|안|무섭|다,0
708,핵|노|잼|.|..|내|취향|은|아니|듯|.|.,0
709,현실|적|인|어려움|들|을|극복|하|고|결국|해피|엔딩|을|맞이|하|는|모습|이|인상|적|이|었|다|.|.,1
710,이|뭐|.|...|킬링|타임|용|으로|도|부족|하|다|.|...,0
711,동물|을|사랑|하|자|!|!!|암튼|재미|는|좆|to|the|망,0
712,여태|본|한국|영화|중|3|손가락|안|에|든다,1
713,짱짱|맨,1
714,"평점|이|너무|높|아서|낮춰야|될|것|같|네요|.|주연|보다|는|조연|이|돋보였|던|것|같|네요|.|이수경|씨|랑|배역|이랑|조금|안|어울리|는|것|같|기|도|하|고|,|너무|아줌마|처럼|보였|달까|?|그|에|비해|이문식|씨|부부|편|이|가장|인상깊|게|봤|던|것|같|네요|.|그냥|킬링|타임|으로|도|부족|한|영화",0
715,처음|으로|독립영화|를|좋아하|게|만든|영화|.|재밌|게|봤|습니다,1
716,최고|네요|.|다큐|보고|눈물|흘리|기|는|처음|입니다|.,1
717,아이언|화이팅|!|♥|오늘|이|마지막|이|라|아쉽|네요,1
718,"액션|만|본다고|쳐도|,|내용|이|너무|황당|+|무|재미",0
719,유치|하|기|짝|이|없|군,0
720,이|영화|는|개|볼루|션|이|다|.|나|의|기대|를|처참히|짓밟|고|드래곤볼|을|망가|트린|.|...,0
721,여자|로서|의|삶|을|포기|할|수|밖|에|없|었|던|.|..,1
722,어릴|적|비디오|로|봤|던|영화|그때|의|평점,1
723,0|점|은|어떻|게|주|는|건가요|ㅡㅡ,0
724,시대|를|넘나든|웃음|+|감동|그|자체|.|내게|있|어|BEST|5|안|에|드|는|영화|!,1
725,아무리|대단|한|코치|라도|대단|한|선수|들|을|만나|는|건|쉽|지|않|다,1
726,아|.|.|.|.|.|.|.|.|.|.|.|.|.|.|.|.|.|.|.|.|.|.|.|.|.|.|.|.|.|.|.|.|.|.|.|.|.|.|.|.|.|.|.|.|.|.|.|.........................,0
727,망상|속|영화|를|만든|작품|같|아요|.|쯧쯧쯧,0
728,"해안|에|갖힌|고래|와|같|은|인생|,|스스로|선택|한|불행|.|..|멋진|영화|다",1
729,아|짜증|.|.|걍짜증|왜|만든|겁니까|?|예술|하|는|사람|들|중|제대로|이|고|멋진|사람|도|많|음|.|.|아|완전|찌질|.|.,0
730,무|~~~~~~~~|지|재미있|어요,1
731,그리워|.,1
732,한|가지|고민|보다|남기|는데|.|..|어찌|엄마|르|르|ㅡ,0
733,좋|은|영화|였|습니다|.|왜|재미없|다고|하|시|는지|;;|군사|와|법률|좋|아|하|시|는|분|추천|합니다,1
734,오|재밌|는데,1
735,"말달리|는|장면|10|분|,|마|굿|간|에|말|과|수레|꺼내|고|넣|기|20|분|,|아버지|옷|갈아입히|기|20|분|,|우물|에|물|길러|가|기|10|분|,|감자|먹|기|20|분|,|창문|밖|바라보|기|10|분|,|술|사|러|온|아저씨|10|분|,|물먹|으러|온|집시|10|분|,|등불|켜|기|10|분|,|기타|20|분|끗",0
736,진짜|재|밋|고|연기|도|다|잘|하|시|는데|이경|이|가당|한|만큼|못|갚|는|게|짱|남|ㅡㅡ,1
737,점점|잘|생겨|지|는|지단|이|형|~,1
738,"시간|절|라|안|가|는|영화|는|또|첨|이|네|.|..@,.@",0
739,영화|는|쓰레기|에로|물|인데|미야우치|토모미|는|영영|AV|로|진출|안|하|는감|?,0
740,평점|에|가려진|수작,1
741,정말|신나|게|봤|어요|*^^*,1
742,코메디|답|게|격투|씬|에서|웃겼|다|.|..,0
743,유리|아|슴|가|와|꼭지|가|넘|이뻐서|10|점,1
744,직|쏘|게|임|속|과|그|바깥|에서|투|트랙|으로|전개|되|는|이야기|구조|를|스릴|있|게|잘|살렸|다|.|역시|기계|장치|살인|게임|은|데스|티|네이션|과|쏘우|밖에|떠오르|지|않|는다|.,1
745,일|도|아까움|최악|돈|주|고|봐서|억울|해,0
746,좋|ㅎ|음,1
747,그럴듯한|엔딩|으로|마무리|지으려|하|지|마|.|.,0
748,오리지널|스토리|였|음|이런|평점|을|주지|는|않|았|겠|지만|원작|훼손|죄|가|너무|큼|보|는|내내|불쾌|했|음,0
749,"스토리|하|며|,|,|연출|하|며|,|,|대사|하|며|,|,",0
750,훈훈|함|박신혜|가|예쁘|게|나옴,1
751,진짜|드라마|질질|끄|네|ㅡㅡ|할머니|왜|저럴까|보|는|내내|확|닥|질|난다,0
752,약하|다|!|!|무릎|팍|나올|시간|에|영화|에|더|투자|했|다면|.|....,0
753,평점|좋|길래|다운|받|아|봤|다가|.|.....|이뭐병|.|...|ㅡㅡ,0
754,기대|안|하|고|봣는데|재|밋|네|ㅋ,1
755,크윽|.|..|이것|이|내|항마|력|의|한계|인가|?|그럴|리|가|없|어|!,0
756,코믹|감동|최고|큰소리|내|고|웃긴|처음,1
757,나무아미타불|관세음보살,0
758,반담|의|정석,0
759,"미안|한데|내|가|영화|과|나왔|다|.|이|영화|쓰레기|다|,|보|지|마|라|.",0
760,정말|sf|치곤|너무|지루|하|고|재미없|었|다|.,0
761,왜|이|영화|를|이제야|봤|을까|?|시나리오|좋|네|~|신세계|가|남자|건달|영화|라|그렇|지|시나리오|는|부당거래|가|훨|낫|네|류승범|은|이미|5|년|전|에|본인|이|형|땜|에|배우|가|된|게|아니|란|걸|증명|했|네|이미|그|전|에|주먹|이|운다|도|있|었|지만|이게|짱,1
762,니|들|이|영화|를|알|아|?|??,0
763,.|터키|비|정상|에네스|ㅗ,0
764,팬|심|으로|도|못|보|겠|더라|.|..|나른|하|다|못해|지루|하|고|겉멋|만|잔뜩|든|느낌|.|그러나|전혀|멋지|지|않|음|.|.,0
765,이안|감독|이|재미|로|만든|영화|같|다고|나|할까,0
766,별점|1|점|도|아깝|다|.|이런|드라마|를|지상파|에서|고집|하|니|케이블|의|완성|도|있|는|드라마|에|밀|리|는|거|다|.|쓰레기|수준|의|작가|드라마|는|더|이상|방송|되|지|않|고|퇴출|되|길|~,0
767,와|.|.|이게|20|년|전|영화|라니|ㅋㅋ|내|가|살|면서|본|영화|들|통틀어|올|타임|베스트|를|꼽|자면|무조건|'|인셉션|'|인데|20|년|전영|화|라는|걸|감안|하|면|이거|랑|인셉션|이랑|투|톱|으로|해두|될|듯|하군,1
768,형|님|그|대안|의|블루|는|도대체|어떡|해|만드신|거|에요|?|ㅜㅜㅜ,0
769,시간|이|지나|도|기억|에서|지워|지|지|않|는다|.,1
770,마지막|테러|범|소탕|할|때|만|재밌|다|.|;;;,0
771,재밌|음|생각|없이|재밌|게|볼|수|있|음,1
772,제니퍼|로랜스|연기|개|잘|해요,1
773,어둠|속|의|유령|135|명|의|희생자|케냐|숫|사자|2|마리|작품|도|좋|고|연기력|극찬|!|!,1
774,크리스마스|뉴욕|뭐|설레|지|설레|는데|저런|열린|마인드|랑|억지|스런|여자|의|운명|타령|.|..|나|도|운명|을|믿|는|편|이|지만|이|건짜증|남|할|거|다|하|고|그런|것|도|찾|으시|고|뭐|하|는|거|지|어|장|아닌가|싶|네,0
775,말|그대로|청춘|정담|.|그|시절|우리|들|모습,1
776,환|타지|같이|공감|이|전혀|안|되|는|드라마,0
777,이|드라마|를|보|고|신선|한|자극|을|받|았|다|.|1|주일|간|속앓이|한듯,1
778,초딩|영화|는|그만|깝치라고|!|!|갈갈이|들|아|!|!,0
779,어제|밤|티비|에서|봣는데진짜재밌었어요ㅋㅋ,1
780,박준형|저거|때문|에|1|점|준다|!,0
781,영화|안|보|고|1|점|준|사람|은|.|...|너무|심했|어요,1
782,만화|코스프레|를|뛰어넘|어|연기|와|액션|이|최상|을|선보이|고|있|다|.,1
783,성|님|들|10|점|좀|줘요,0
784,ㅋㅋㅋ|소리|마치|멋있|다|ㅋㅋ|나나코|랑|너무|잘|어울림,1
785,시간|이|아깝|다|.|..|제길|보|지|마|셈|.|.,0
786,없|어도|너무|없|는|영화|.|.|예술|도|재미|도|없|다,0
787,과학|의|발전|이|악용|됐|을|때|인간|의|존엄|성|을|어디|까지|해칠|수|있|는지|보여|줬|던|아주|잘|만들|어|진|영화|인|것|같|아요|.|시간|순|이|아니|고|과거|가|중간|에|들어가|있|어서|예상|치|못했|던|반전|도|있|었|고|.|.|암튼|잘|봤|음|역시|페드로|알모도바르|네요,1
788,먹먹|하|다|.,1
789,풋풋|한|맥라이언|연기|인상|깊|어요|.,1
790,재밌|게|봤|어여|ㅋㅋ|공룡|진짜|조아|하|는|데|스릴|잇|구|마지막|에|감동|ㅠㅠ|또|나왓|으면|좋|겠|어용|ㅋ,1
791,일지매|지금|봐도|너무|재밌|는|드라마|!,1
792,어제|화신|은|클라라|의|섹시|논란|인지|뭔지|로|시간|다|잡아먹|고|승리|스캔들|로|또|시간|까먹|고|김구라|는|계속|이상|한|질문|만|해|대|고|.|원|나|잇|했|다는|데|박수|펴|주|는|방청객|하|며|여러모로|대|다|나|다|.|.|화신|초기|포맷|이|훨씬|좋|다|야심만만|st|같|은|거|그때|애청자|였|는데|.|.,0
793,폴더|플러스|에|babyjuly|님|파일|기간|끝난|듯|해|여|없|어|졌|네여,1
794,모두|늦|기|전|에|밥|이|라도|한|번|해|줘|여|ㅎㅎㅎ,1
795,"플래닛|9|점|호러|,|액션|,|유머|완전|B|급|영상|쩔|어|.|프루프|쓸데없|고|잼|없|는지|지배|들|수다|5|점",1
796,굿,1
797,조|낸|속|았|네|구리|다|의|극치|조|낸|유치,0
798,의외|의|수작|이|다|.|정말|느낌|괜찮|은|영화|.,1
799,평론가|들|뭘|모르|네|너무|과소평가|받|은|영화,1
800,성동일|이랑|조권|캐릭터|랑|잘|어울리|네요|~~|아이|들|데리|고|가족|끼리|보|기|딱|좋|은|영화|~~,1
801,제목|과|포스터|만|봐서|는|굉장|한|이야기|가|나올|거|같|다|.|하지만|막상|보|면|그렇|지|않|다|.|일본|특유|의|영화|같|지|않|은|드라마|영상미|와|이|도|저|도|아닌|싱거운|스토리|.|마지막|에|딱히|주|는|것|도|없|는|이야기|.|김빠지|고|뜨거운|맥주|다,0
802,잔인|함|을|살리|려다|영화|전체|를|죽였|다|.,0
803,전범|기|개|극|혐|10|자공|백,0
804,전미선|은|어디|다|붙여|놔도|연기|소화|를|다|한다|.|..|본인|에|맞|게|-,1
805,돈|내|고|보|면|정말로|후회|한다|에|100|건다,0
806,기자|들|.|.|전문가|?|?..|도대체|어떤|인간|들|?|?,1
807,오시이마모루|는|항상|그림|이|아깝|다|.|할|말|이|많|으면|차라리|책|이나|쓸|것|이|지|.|..,0
808,지금|까|본|중|최악|의|드라마|.|도대체|이런|드라마|로|뭘|말|하|고|싶|은|건지|?,0
809,재미|는|없|다|.|.,0
810,"아니|,|태풍|이|부|는데|어떻게|헬기|가|뜨|냐고|.|...",0
811,진심|재미없|음|.,0
812,기대|안|하|고|보|니까|영화|가|가슴|으로|들어오|네,1
813,감동|과|열정|과|환희|를|이끌|어|내|었|다|.|black|&|gold|는|걸작|이|다|.|.,1
814,이런|영화|는|왜|만드|는|걸까|진심|궁금,0
815,10|년|전|쯤|TV|에서|한|번|보|고|잊혀|지|지|않|는|영화|또|보|고|싶|은데,1
816,연기|도|어설프|고|.|.|내용|도|구리|고|.|.|볼|만|한|건|마지막|액션|부분|밖|에|없|잖아|--,0
817,10|번|을|봐도|재밌|다|.|이|영화|가|유명|하|지|못한|게|한|스러울|정도|로|.|..,1
818,수도|없이|보|고|또|봐도|.|.|내|인생|에|다시|없|을|영화,1
819,지금|시대|에|더|맞|는|명작,1
820,참|좋|은|영화|다|.|느낀|점|뿐|만|아니|라|라이언빙햄|매력|있|네,1
821,짜집기|하려|거덩|잘|하|던지|이게|모|냐,0
822,능글맞|은|믹키|루크|놀아나|는|팀|베|신|져,0
823,ㅋ|.|.........|개지|루|해|30|분|보다|가관|둠,0
824,내|가|롭|코헨|을|싫어하|는|것|에|대해|별|이유|를|붙이|고|싶|지|않|다,0
825,말|이|필요|없|네요|마지막|에|소름|이|쫘악|오만|과|편견|진짜|좋|아|하|는|데|겹치|는|부분|도|장면|도|많|아서|재밌|어요|해피|엔딩|이|좋|지만|이런|엔딩|은|여운|이|길|어서|또|좋|아요|ㅠ,1
826,어|이|없|는|마지막|10|분,0
827,좋|은|영화|인데|.|..|인간|들|이|얼마나|자유|를|억압|하|하|는지|알|수|있|음,1
828,영상미|예쁘|고|스토리|도|색다르|고|나름|빠져서|봣다|결말|도|해피|라|더|좋|앗|다,1
829,평점|알|바|하|지|마|라|인간|드|라,0
830,진짜|.|.|재미없|던데|.|.|몰입|을|못|해서|그런가|걍|별로|ㅠㅠㅠ|아기|만|고생|한|것|같|아|.|.,0
831,재미없|어라|.|.,0
832,"빨간|풍선|을|따라가|는|아이|,|아이|를|통해|행복|해|지|는|이|들|.|.|아름답|다|.|.",1
833,첫판|보단|마음|에|들|지|않|지만|괜찮|습니다|.,1
834,난|왜|눈물|이|날까,1
835,"재미있|고|느와르|하|네요|,|악평|하|는|새끼|들|은|대체|뭔지|.|.|영화|도|볼|줄|모르|는|새끼|들|이|개|도|아닌|것|들|이|개소리|는|잘|내요|ㅋㅋㅋ",1
836,"신예|감독|?|?|저예산|영화|도|줄|겁|고|재밌|을|수|있|다|.|라는|상식|을|깬|영화|.|구|냥|외국|영화|따라|만든|현실|성제|로|,|몰입|감제|로|,|특수|효과|제|로|,|출발|비디오|여행|에|한번|안|나왔|으면|존재감|없|었|겠|지|.",0
837,코믹|한|좀|비|ㅋㅋ|흑|돼지|볼링공|ㅋㅋ|ㅋㅋ,1
838,ㅅ|ㅂ|감독|대가리|에|머|가|들|었|노|?|아주|족|같|다|.|.|ㅅ|ㅂ,0
839,이|야|~~|개성|잇|는|캐릭터|들|때|매|굉장히|재밌|었|습니다|~,1
840,0|점|주|는|이유|발연기|가|별로|임|목소리|도|ㅎㅎ,0
841,아|~|정말|너무너무|지루|하|다|짧|은|스토리|몇|개|넣|어서|만들|고|영화|라니|~|역시|뽀로로|영화|만|한|게|없|다,0
842,지식인|에|물어봐서|겨우|찾|음|.|어렷|을|때|보|다가|펑펑|울|었|엇다,1
843,'|슈미트|에|대하|여|'|이런|것|도|원어|로|봐야|겠|냐|?|알파벳|도|아닌|한글|로|쓰|면서|.|.|.|왠만|하|면|번역|좀|해서|쓰|자,0
844,와|진짜|개|답답|한|영화|ㅡㅡ|마지막|에|제임스|때문|에|열|뻗침|ㅡㅡ,0
845,너무|기대|했|다|.|...|너무|기대|했|어|.|...|책|은|정말|.|.|말|할|게|없|는데|영화|는|.|.|하|.|..|너무|기대|했|어,0
846,이걸|볼|바|에|차라리|그|시간|에|멍|때리|고|있|는|게|더|낫|다,0
847,조용|하|지만|재미|를|두루|갖췄|다,1
848,꽤|흥미|로운|정치|스릴러|다|.|테러|를|촉발|시킨|사령관|의|과잉|됨|이|좀|더|몰아갔|으면|하|는,1
849,"신하균|도|김희선|도|발연기|하|고|허무맹랑|한|내용|,|김민준|까지|에러|된|졸작",0
850,배우|들|이|아깝|다|최민수|와|김영철|로|도|못|살려|내|다니,0
851,열파|참|시절|엔|상상|도|못했|던|대역|ㅋ,0
852,북극|을|녹일|것|같|은|손범수|씨|러블리|보이스|~~|아|.|.|ㅠㅠ,1
853,되게|뭔가|그럴|듯|하|게|보이|려고|애쓴|듯,0
854,굳|굳이|굳|굳|굳|굳이|굳|굳|굳|굳,1
855,"보|는|사람|은|돈|낭비|,|듣|는|사람|은|시간|낭비|.|합쳐서|인생|낭비|.|이거|보|느니|그냥|잠|이나|자라|.",0
856,결국|무너지|고|마|는군|.|..,0
857,"현실|의|끝|이|네요|.|아직|결혼|도|안|한|사람|이|지만|,|뭔가|크|게|공감|될|만|하|달까|요|.|.|많|은|여성|분|들|께서|공감|하|실|수|있|지|않|을까|해요|!|모든|여성|들|에게|추천|하|고|픈|영화|!",1
858,"장진|감독|은|대단|한|것|같|다|.|연출력|도|연출력|이|지만|,|분명|비슷|한|내용|으로|소재|만|바|꿧더라면|흥행|했을|법한|시나리오|를|단순히|재밌|어서|인지|하|고|싶|은|말|인지|는|모르|나|표현|하|였|다|.|그|의|선택|과|배|우진|의|연기력|은|정말|일품|이|었|다|.",1
859,그지|같|음|왜|18|세|인지|도|모르|겠|고|다|아|는|얘기|고|그냥|공포|영화|보|고|싶|으면|1|편|만|보|고|끄|세요,0
860,꺅|기범|오빠|멋있|음|~!|ㄴ|ㅋㅋ,1
861,평점|.|.|너무|높|다|~,0
862,별|반개|도|아까|움|ㅋ|예전|하지원|나온|영화|가위|랑|거이|비슷|함|그|영화|에|억지로|분신|사바|하|는|거|끼워|넣|은|영화|ㅋ,0
863,"제|가|연기|를|논할|자격|은|없|지만|명연기|로|멋진|드라마|보|게|해|주|셔서|감사|합니다|.|드라마|자체|를|잘|안|보|는|편|인데|파스타|,|골든|타임|보|니까|왜|안|봤|을까|싶|네요|.|감사|합니다|~",1
864,빠른|전개|로|이런|막장|내용|은|날려|버리|시|고|건강|한|내용|으로|돌아오|소서,0
865,"액션|,|연기|,|연출|,|각본|뭐|하나|제대로|된|게|없|다|.",0
866,정말|기억|에|남|는|시트콤|?|드라마|?|암튼|꼭|시즌|2|했|으면|좋|겠|어요|!|!!,1
867,"조페|,|무어|,|올드만|,|듀발|,|이|들|이|뭉쳤|음|에|도|불구|하|고",0
868,이건|머지|.|.|절대|보|지|마세요,0
869,결론|바람|피|는|건|나쁜|짓|임|.|소론|다이안레인|의|성숙|섹|시미|끝장|.,1
870,개연|성|이|라고|는|눈꼽|만치|도|없|다|.,0
871,이|정도|면|2|.|22|되|겠|지,0
872,남|들|이|뭐|라는지|몰라도|전|최고|의|영화|라|생각|합니다,1
873,샬롯|때문|에|9|점|줍니다,1
874,씨엔블루|FT|아일랜드|너무|좋|아요|~~♥♥|짱|재미있|어요,1
875,전달|되|는|게|아무것|도|없|다|.|키이라|나이틀리|를|왜|쓰|는지|알|수|없|다|.|비주얼|도|연기|도|꽝|.,0
876,어우|진짜|재미없|네|뻔한|내용|무슨|연기|의|신|이|야|?|ㅋ|평범|하|구만,0
877,지금|보|고|있|다|ㅋ,1
878,진짜|제목|그대로|얼간이|들|의|집합소|~|빵빵|터집니다,1
879,남자|배우|가|매력|있|네요|서기|는|물론|예쁘|고|ㅋㅋㅋ,1
880,피곤|하|다,0
881,마지막|이|정말|기|가|막혀|그냥|그|아저씨|가|씨이|코|인|게|더|나|을|듯,0
882,아|제발|ㅋㅋㅋ|이거|광고|임|ㅋㅋ|ㅋㅋ|?|???|그리고|이거|뮤|비해|도|나왔|음|ㅋㅋㅋ,0
883,또|보|고|또|보|ㅏ도|안|질리|는|영화|!,1
884,솔직히|1|점|주|는|애|들|은|이|영화|를|제대로|본|것|같|지|않|다고|생각|한다|.|색안경|끼|고|본|듯|ㅎㅎ,1
885,이와이|의|또|다른|면|을|이해|할|수|있|었|지만|내|취향|은|아니|다|.,0
886,별|하나|도|아깝|다|.|.|무슨|연기|를|.|..|몰|입도|가|없|어,0
887,그냥|진짜|재미|가|없|어요,0
888,드라마|너무|심|햇|다|.|......|답답|하|다|.|..|아이유|는|그냥|가수|하|시|지|.|....|왜|나와서|.|....|정말|답답|하|다|.|...|정말|답답|해서|글|올려요|.|...|드라|스토리|너무|막장|이|애요|.|...|아이유|님|표정|연기|하|는|거|보|면|.|...|밥|먹|다가|밥맛|이|뚝|.|...|가수|로|는|정말|멋진데|.|...|드라마|왜|함|;;,0
889,chun|****|님|인간|적|으로|평점|왜|저리|올려|준거|지요|?|평점|보|고|보|다가|개|망했|네요|.|.|나라|도|0|점|을|줘서|평점|을|낮춰야|겠어요|.|.|열심히|만들|었|긴|한데|.|.|액션|을|기대|할|순|없|는|작품|이|네요|.|.|첨|에|스토리|좀|만들|고|시작|하|려나|보|다|.|.|했|는데|.|.|계속|스토리|만,0
890,종철|이|오빠|홧팅|글고|모두|홧팅입다|.|./,1
891,새벽|에|무심히|보|다가|뭔가|가슴|에|.|타격|을|입음,1
892,단지|이상|형|인|이기선|씨|때문|에|.|..|영화|도|굉장히|수작|입니다|.|^^,1
893,구성|재미|감동|다|있|다|.,1
894,무섭|지|도|않|고|잔인|하|지|도|않|고|이건|멍|미,0
895,겨울|은|춥|고|영화|는|썰렁|하|다|.,0
896,드라마|재미없|게|늘|구네|요,0
897,마지막|대결|결과|?|안|알|랴|줌|^~^,1
898,B|급|도|안|되|는|듯|.|..|엉성|함,0
899,I|know|~|ㅎㅎ|행복|해|지|는|~,1
900,발연기|에|무슨|평점|이|필요|한가,0
901,이런|거|싫|다|.|..|유열|진짜|실망|이|네,0
902,우|쒸|~|게임|줄거리|라니|.|...|짱나,0
903,잔잔|하|게|그리고|마음|에|뭔가|콕|와|닿|게|봤|던|영화|입니다|.|음식|과|음악|과|영상|과|그리고|사람|들|.|...,1
904,그냥|애|니|다시|보|는|게|그게|더|재미있|을|듯,0
905,"트랜스포머|따라|해서|1|점|,|재밌|어서|+|3|점",0
906,코미디|영화|계|의|디워|.|..|이건|뭐|시나리오|도|없이|찍|은|수준|ㄷ|ㄷ|ㄷ,0
907,정말|이|지|조용|한|영화|이|다|.|마지막|부분|은|멋있|었|지만|.|.|ㅡㅅㅡ,0
908,난|평생|이연희|같|은|여잔|못|만날|꺼|야|.|.|이연희|발톱|과|도|못|만나|겟|지|.|.|평생|혼자|살|아야|겟|지|.|...,1
909,레슬리|같|은|의사|라면|10|억|을|주|어서라도|주치의|로|삼|고|싶|다|ㅠㅠ,1
910,별|하나|는|양익준|연기|.|그나마|양익준|도|배역|이|너무|안|맞|는다|.,0
911,그닥|.|.,0
912,우리|나라|영화|평론가|평점|들|다|OO|보|세요|북한|을|조금|이라도|안|좋|게|보|는|영화|는|평균|이상|이|안|됩니다|근데|선|동식|영화|는|기본|이|7|점|이상|대임|ㅋ|대단|들|하|다,1
913,이건|무조건|자|막판|으로|봐야|제대로|재미|짐|.|.|더빙|으로|할꺼|면|목소리|톤|이|라도|비슷|하|게|하|던가|.|.|원본|보|고|더|빙|보|면|.|.|무슨|어린애|들|장난|하|듯이|하|는|것|도|아니|고|.,1
914,10|점|은|됩니다,1
915,이|영화|짱짱|재미있|음|!|!,1
916,당신|이|피|규|업|니까|머|하|자는|겁니까,0
917,너무|난해|하|고|추상|적|detail|에|집중력|이|다소|떨어지|는|영화|.,1
918,정말|안|무서웠|다|공포|영화|를|보|면서|긴장|안|하|기|는|처음|;,0
919,평점|이|넘|높|네요|차라리|애니|를|만들|었|으면|날|뻔|한|영화|.,0
920,한|국판|노팅힐|!|(|실은|노팅힐|보다|먼저|나왔|지만|)|언젠가|는|다시|보|고|싶|은|임창정|의|멜|로|연기|!,1
921,보|고|싶|다,0
922,투박|하|지만|진솔|한|메시지|를|담|고|있|는|영화|.|음악|이|뭔지|알|게|해|준|영화|.|..,1
923,감동|적|이|었|습니다|.|감사|합니다|.,1
924,진짜|브리트니머피|연기력|대박|와|진짜,1
925,아오|~|그|부조|수|자식|바다|로|던져|버리|고|싶|은|충동|과|불쌍|하|고|암튼|짜증|만|남|아|있|네|!|에이|찝찝|해,0
926,앞|으로|의|스토리|전개|가|기대|됩니다|^^|장나라|씨|오랜만|에|보|니|좋|내요,1
927,원작|혹성탈출|에서|는|인간|과|유인원|의|전쟁|이|지|.|.|빅풋|과|의|전쟁|이|아니|죠|!|그리고|저|빅풋|은|지능|도|없|네|에|효|~|시저|는|말|도|하|는데|.,0
928,오글오글|개|허세|허세|도|이런|허세|가|없|네|보|는|내내|오글거리|고|막장|이|고|똥|멋|든|깡패|의|사랑|이야기,0
929,내게|가장|큰|여운|을|준|영화|이|자|내|가|고전|영화|에|빠지|도록|첫발|을|디디|게|해|준|영화|이|다|!,1
930,꼭|한번|보|라고|추천|하|고|싶|은|영화,1
931,하룻밤|의|댓|가|는|평생|간다|.|아이|를|핑계|로|자신|을|합리|화|하|는|더러운|보슬|영화|.,0
932,내|인생|의|영화|중|하나|.|충격|그|자체|.|하지만|지금|은|다시|볼|방법|이|없|다|.|..,1
933,제|8|요일|의|느낌|을|다시|받|았|네요|.|..,1
934,최고|영화관|에서|보|니|더|애틋|해요|ㅋㅋㅋ,1
935,첨|엔|좀|나름|치밀|해|보이|고|괜찮|다|싶|었|는데|.|..|탈출|계획|이|라는|게|고작|감옥|난동|유발|시키|고|그|틈|을|타|서|탈출|.|..|그리고|람보|와|터미네이터|의|무적|총격전|으로|간|수|다|죽임|.|...|ㅋㅋ|이게|끝|ㅋㅋㅋ,0
936,말레이시아|대작|의|위엄,0
937,전|나|재미없|다|.|.,0
938,잘|봤|습니다|.|안중근|의사|님|감사|합니다|.,1
939,정말|이런|여자|가|있|을까,0
940,진짜|이번|에|정주|행|한번|더|해|보|았|습니다만|.|..|개|재밌|더라고요|!|!@@,1
941,최고|~,1
942,야구|를|알|고|야구|를|좋아하|는|사람|이|라면|이|영화|가|싫|을|수|있|을까|.|..,1
943,무슨|놈|의|영화|가|보|는|내내|짜증|이|나|는|건지|.|연기|는|차치|하|더라도|짜증|나|는|전개|다|.,0
944,프랑스|에서|만들|면|13|구역|인가|.|..,0
945,끝|나|서|아쉽|네요|.|그동안|재밌|게|잘|시청|했|습니다,1
946,지루|하|다,0
947,강|배우|님|이|잘|살려|낸|영화|.|역시|코믹|멜로|에서|빠질|수|없|는|캐스팅|'|강지환|'.|강지환|만세|♥♥♥,1
948,엘도|라도|:|황금|의|도시|엘도|라도|:|태양|의|신전|엘도라도|-|미니|시리즈,1
949,참새|들|이|냐|.|...|아|유치|.|..|스토리|그냥|화난다|.|...,0
950,레슬리닐슨|의|명작|으|할아버지|ㅠㅜ,1
951,뭉클|해|지|네요|.|역시|인간|만큼|탐욕|스런|동물|은|없|죠|.,1
952,신|도|싫|고|인간|도|싫|다,1
953,각본|이|대단|하|다|.|...|한|줄|한|줄|머리|싸매|고|썼|을|것|같|은|좋|은|영화|.|..,1
954,아|너무|잘|본|영화|추천|간만|에|출발|비디오|여행|이|좋|은|영화|추천|해|줬|네,1
955,"사건|의|진실|과|범인|은|역시|나|초반|예상|그대로|였|고|,|반전|은|가소로웠|다",0
956,정말|초등학생|때|나|를|클|레식|세계|로|이끌|어|준|영화,1
957,한국|sf|중|에|는|그나마|좋|다|.,1
958,"벌려|놓|는|건|그럴|듯|했|지만|,|뒷수습|어쩔|.|..",0
959,어딜|가|나|문제|는|항상|티모,1
960,마이클|잭슨|나오|는|영화,1
961,"오락|영화|로|소|,|시리즈|물|로서|의|재미|는|충분|하|다|~",1
962,절망|속|에서|발견|해|낸|희망|!,1
963,이|영화|가|8|점|아래|라고|?|전문가|평점|만큼|이나|이해|가|안|간다|.,1
964,맞|는|말|.|.|12|세|이상|관람|금지,0
965,스폰지|하우스|에|감사|합니다|.|잘|봤|습니다|.,1
966,별|반개|도|아깝|다|.|.,0
967,"http|:|/|/|blog|.|naver|.|com|/|cjstkrkwn|/|40207983729|보|고|나|니|더|좋|은|영화|,|생각|할|수|있|는|영화|.|.!!!",1
968,"The|Hobbit|:|An|Unexpected|Journey|,|2012",1
969,진정|영화|다,0
970,이토록|가슴|아픈|이야기|였|던가|.|.,1
971,기대|없이|봤|는데|진짜|개|잼|특히|여주|로즈|가|매력|있|게|나와서|몰입|됨|!|거기|다|겁나|유쾌,1
972,오늘|13|일|의|금요일|핛핛핛,1
973,진주만|보다|더|재밌|다|.|.,1
974,나|는|태어나|서|영화|에|1|점|처음|준다,0
975,스즈|미야|2|기|보|고|이거|봐라|진짜|명작|이|다|이제|엔|드레스|소리|만|들어도|소름|돋|는다|진심,1
976,제|가|일지매|와|버금가|게|좋|아|하|는|드라마|.|..|이런|드라마|좀|많|았|으면|.|..,1
977,아|드라마|보|면서|살|다|살|다|이래|열받|는|드라마|는|처음|이|네|욕|나온다|진짜|드라마|를|지|꼴리|는|데|로|쓰|네,0
978,감성|적|따뜻|함|.|희망|적|.|기적|소망|.|훈훈|.,1
979,막장|영화|따위,0
980,이게|평점|이|왜|이렇|죠|?|존나|영화|보|는|눈|까리|가|다|썪|으셨|나,1
981,페미니즘|은|없|고|사막|은|있|다,1
982,1|점|도|아깝|다|.|...,0
983,약간|은|오|글|거렸|지만|그래도|풋풋|한|사랑|이야기|가|정말|좋|았|다,1
984,아무|내용|이|없|어|한|시간|돌렸|다|~|남|은|시간|3|시간|;|드라마|인가|?|화면|도|에로|영화|화면|에|에로|감|은|하나|도|없|고|왜|스릴러|라고|써|놔서|아까운|포인트|만|날렸|네|~|바로|삭제,0
985,리얼리티|영화|라고|구라|친영|화|.|.|다|배우|들|이|연기|함,0
986,"마무리|가|조금|아쉽|지만|,|재밌|게|봤|습니다|^^",1
987,대한민국|최고|의|시트콤,1
988,은행|가|서|캐|쉬|해와,1
989,진짜|이런|영화|좋|아|하|는데|이건|아니|네|.|..|후반|갈수록|코믹,0
990,복수|로|시작|해서|연민|사랑|.|.|죽|을|병|을|가진|늙은이|와|술집|접대부|아가씨|.|진부|해|보일|수|있|다|.,0
991,"재미없|고|,|지루|하|고|,|잔인|하|기|만|하|고|.|.|지루함|의|극치|ㅡㅡ",0
992,영화|끝|난후|멍|.|.|가슴|한쪽|이|솨|한|느낌|?|나이|들|어서|꼭|다시|봐야지|.|.|그땐|또|다른|느낌|이|겠|지,1
993,소|오름|퍼펙트|!|!!|연출|.|.,1
994,이씨|난|속상했|어|.|..|짜증|나|.|..,0
995,"상징|과|은유|,|관용|을|그릇|되게|해석|하|여|감독|의|자위|로|끝나|고|만|영화|.|자위|용|영화|라면|상업|자본|과|스타|를|배제|하|고|,|개인|의|자산|과|신인|배우|로|달려드|는|호기|를|부려|봤|으면|.|..",0
996,신선|했었|다|.|올해|9|월|개|봉작|뭔|러너|?|예고|보|는데|이|영화|생각나|길래|.|.,1
997,본능|만|으로|살아가|는|인간|들|은|비참|한|말로|를|걸어갈|뿐|이|다|.,0
998,같|은|감독|의|진짜|명작|'|퀼|스|'|와|비교|하|면|이건|먼지|수준|임|.|아니|똥|이|랄까|?,0
999,느낌|이|팍|오|네요|.|평론가|평점|이|안|좋|아서|좀|그렇|지만,1
