,id,review,label
0,5423517,화려|한|영상|재밌|는|음악|때문|에|젤|좋|아|하|는|영화|가|됐|음,1
1,8877056,"전혀|긴장감|없|고|연기|는|어설프|고|,|,|엉성|하|게|따라|하|다|끝난|기분|,|,|배우|가|아깝|다|.",0
2,8191215,이미|많이|본|듯|한|소재|마스터즈|오브|호러|에|도|비슷|한|애|피|가|있|었|지|공포|소재|라|잔인|한|게|있|긴|했|지만,0
3,10056843,OST|부터|스토리|그리고|영상미|까지|다|좋|다,1
4,6208328,이걸|왜|봤|짘ㅋㅋ|도라에몽|극장판|재밌|다고|하|는|사람|들|정말|이해|가|않|되|ㅋㅋㅋ,0
5,4784148,나쁜|이|아니|라|불량|한|쓰레기|영화|일|뿐|이|다,0
6,8501010,엑소|짱짱|맨|완|젼|귀여|밍|ㅎ|엑소|는|진짜|예능|프로그램|에|나가|도|될|듯|?|ㅎ|이|프로그램|에서|새로운|모습|을|많이|본|것|같|넹|ㅎ|아무튼|!|!|더|열심|이|활동|하|시|길|.,1
7,9554732,넌|끝장|이|다|터미네이터|!,1
8,7876368,쩝|.|..,0
9,9704246,진부|한|스토리|지만|못난|수컷|을|절절|하|게|표현|한|임창정|신들린|연기|에|9|점|!|!,1
10,10051606,처음|으로|영화|를|보|며|공감|의|눈물|을|흘렸|다,1
11,9822982,점수|가|영화|에|비해|너무|낮|아서|별|좀|주|고|감|.|순수|의|시대|랑|비슷|한|평점|이|던데|비교|가|안|된다|.|청불|사극|중|베스트|에|드|는|영화|.,1
12,4410520,에이브릴|라빈|에|낚였|눼|ㅋ,0
13,6887996,"안|잤|어|,|난|안|잤|다구|!|!|와하하",0
14,436546,보|다가|지루|해서|.|..|30|분|보|면|끝|이|다|보이|는|영화,0
15,8165557,괜찬은|영화|라|생각|하|고|보|면|오산|입니다|.|낚였|다|.|...,1
16,8189086,밑|도|끝|도|없|네|.|..|3|류|가|그렇|듯|스토리|부재|.|..,0
17,9289180,배우|연기|좋|고|음악|좋|고|영화|는|쓰레기|다|.|기분|만|더럽|고|허무|한|엔딩|으로|메세지|가|없|다|.,0
18,9341201,내|가|티비|를|보|며|왜|이렇게|불쾌|해야|하나|이해|조차|안|가|던|혐오|스러운|절|도|6|화|.|4|회|부터|망|시즌|느낌|이|올|때|걍|때려쳤|어야|되|는데|뭐|하|러|두|번|을|더|봐서|발암|했을까|ㅜㅜ,0
19,7162524,재미있|었|어요|.|학원|에서|보|았|는데|즐거웠|어요|!,1
20,10102166,감동|적|이|고|좋|은|영환데|평점|이|너무|낮|아서|평점|입력|중,1
21,4916398,말|이|필요|없|네요,1
22,2056963,재미없|어,0
23,10124637,감독|이|얼마나|중요|한가|를|보여|주|는|영화|.|..|장르|를|바꿔|버린|대단|한|능력|.|.,0
24,9431078,훈훈|한|만남|.|.|.|가슴|따|듯|ㅈ|해짐,1
25,9582419,공포|영화|잘|보|는데|이건|무서웠|다고|드립|치|지|마|라|.|.|그건|그냥|못|보|는|거|다|.|여|튼|정의|는|승|★|리|★|한|★|다|ㅋㅋ|ㅋㅋ|주인공|이|못|돼|처먹|어서|전혀|이입|이|안|됐|지만|통쾌|한|맛|은|있|으므로|제|점수|는|요|.|..,0
26,9718024,참|편해|고|촣습니다|…|쵸|고|~~~,1
27,9647509,소|시민|한테|는|정부|가|괴물|이|아닐까|?,1
28,10122493,마초|를|위한|마초|b|급|영하,0
29,8679363,화끈|한|액션|신|이|어색|하|지|않|고|정말|최고|~,1
30,7750892,진짜|존나|웃겨|디|짐,0
31,10017080,ㅎㅎㅎ|김태희|는|얼굴|말|곤|볼꺼|없|는|듯|.|..|연기|에|내세우|지|말|길|.|.|영화|가|이래저래|별로|이|다|.|..,0
32,4048417,진정|한|자유|교육|에|대해|생각|해|보|게|하|였|다|.|정말|감동,1
33,6244785,골든|라즈베리|상|을|괜히|받|은|게|아냐|정말|부담|스럽|고|짜증|만|잔뜩|유발|하|는|영화,0
34,10214686,자연|은|어머니|만큼|위대|하|다|.,1
35,9731076,"배우|들|연기|는|좋|으나|내용|이|별로|고|,|특히|정유미|대사|는|오|글|거려서|못|듣|겠|다",0
36,9240288,안녕|하|세요|나온|학생|이|다시|나오|고|지방방송|및|타|방송|에서|소개|된|사람|재탕|하|는|건|.|..|소재|가|떨어지|니|재미있|을|리|가|?|??,0
37,5975302,주인공|여자|애|의|무술|실력|이|탁월|하|다|.|마지막|상처|부위|손가락|눌러|찌르|기|가|압권,1
38,8072377,인간|적|으로|평점|너무|낮|다|.|.|이건|아니|지|.|.,1
39,7510862,"등장인물|들|의|사연|을|수다|스럽|게|일일히|나열|하|지|않|지만|이대로|도|충분|한|,|아니|벅찬|!",1
40,200361,뭔가|로맨틱|할|거|같|다고|생각|해서|본다면|;;|no|~,0
41,8947133,꼭|보|셈|~|후회|없|음|~|좋|은|영화|임,1
42,8864888,1|기|총|편집|이|라서|좀|아쉽|지만|그래도|역시|중|2|병|은|언제나|다시|봐도|꿀|잼|!|!|그리고|릿|카도|언제나|봐도|역시|카와이|네|ㅋㅋ,1
43,1420278,여배우|하나|로|는|부족|한|.|..|삼류|배우|였음을|제작자|가|인정|한|.|..,0
44,7214631,재미|더럽|게|없|네|2|점|부터|점수|준거|매미|OO,0
45,3318018,그냥|그저|그런|영화,0
46,5190912,김태균|감독|님|드라마|장르|는|대단|하|신데|이쪽|장르|는|자제|하|셔야|할|듯,0
47,3972984,스릴러|처럼|재미있|어서|계속|봤|는데|끝|이|좀|뜻|뜨|미지근|.|..|그래도|볼|만|함|.|.,0
48,5317854,여타|의|스포츠|영화|의|뻔한|감동|을|추구|하|지|않|는|시도|는|좋|았|으나,0
49,3180161,절대|아동|절대|아동|15|세|이상|관람|금지,0
50,208562,'|무의미|'|한|사건|의|나열|.,0
51,4727746,스릴|도|공포|도|아닌|어중간|함|에|경계,0
52,8938093,최악|.|액션|코스프레|해놨|지만|드라마|같|은|분위기|공감|도|안|되|고|내용|도|부족|허술,0
53,4660060,킬리언|머피|의|연기력|!|!,1
54,8108005,드라마|잘|안|보|는데|이건|정말|재미있|게|봤|어요,1
55,1110995,전편|에|만족|해야|했|다|.|싱거운|스토리|와|결말|은|.|...|그|만,0
56,6252399,철들|자|터지|는|운|빨,0
57,9232185,진짜|재미|더럽|게|없|다|기분|만|더러운|영화,0
58,8177700,고등학생|때|이|영화|를|보|고|너무|감명|받|은|나머지|해군|을|갔|지|.|그러나|전역|후|다시|보|았|을|때|도|느낌|은|사뭇|다르|다|.,1
59,1365321,재미없|습니다,0
60,9367951,신선|한|요리|레시피|도|알려|주|셔서|재밌|게|보|고|따라도|할|수|있|어서|좋|네영,1
61,10202590,"거품|이|좀|낀|영화|,|평점|조절|위|에서|나왔|습니다|.",0
62,9317386,일본|계|판타지|들|은|신비|하|다기|보단|괴상|한|느낌|이|.|..,0
63,9555532,"허|.|...|진심|,|못|해도|8|.|5|는|넘|을|거|라고|생각|하|고|들어왔|는데|왜|이래|ㅋ|끝|까지|봐도|절대|후회|없|을|거|임",1
64,9228230,아이|들|의|대통령|엄청|좋|아|했|어요,1
65,5667393,나|를|로그인|하|게|만든|영화|.|..|에|어|리언|안|나옵니다|.|.,0
66,9811953,"지겹|고|,|액션|굼뜨|고|,|어디|퀵|앤|데드|같|은|서부|영화|없|나",0
67,6215574,완전|재미|있|어요|.|.,1
68,6299487,음|기대|는|그렇게|한|거|같|진|않|은데|.|...|좀|.|..|실망|이|네요|역시|뭐|든지|원|이|잼|씀|ㅇㅇ,0
69,4812817,할아버지|멋진데|!|!,1
70,8266533,아버지|와|아들|의|마지막|회상|장면|에서|눈물|이|흘렀|다|.|..|너무|가슴|아프|며|재밌|었|다|.|..|ㅠㅠ,1
71,7599521,이효리|최고|♥♥♥♥♥,1
72,8566108,제발|후속|극장판|좀|ㅜㅠ,1
73,6317730,최악|의|드라마|.|그나마|성|율|.|이상우|땜|에|봤|지만|앞|으로|이|작가|의|드라마|는|절대|안|볼|듯|.,0
74,8269290,시대|를|타|지|않|는|퍼펙트|영화,1
75,9179416,로빈|윌리엄스|가|그립|다|.|앤드류|의|따스|한|웃음|이|계속|아른거린다,1
76,1369626,솔직히|재미없|드라|;;,0
77,9551388,"B|급|과하|게|피|많이|튀기|는|영화|.|연기|,|스토리|,|구성|,|편집|전부|조금|씩|어수룩|함|.",0
78,4975733,"""|우리|가|포기|한|곳|에|여전|한|""""|그|""""|의|사랑|과|놓|치|않|는|시선|을|느낄|수|있|었|어요|.|""",1
79,3098716,몇|번|더|보|면|나|까지|비|정상|이|될|거|같|다,0
80,3517304,성룡|을|존경|한다|.|성룡|만세|다|.,1
81,10254742,전체|적|인|스토리|는|좋|은데|연출|이|진짜|별로|다|.|...|못|알|아|먹|는|말|이|라|연기|잘|하|는|줄|은|모르|겟|다|연기|좋|다는|애|들|은|중국어|잘|하나|보다|ㅋㅋㅋ|글고|마지막|샤오|머리|에|총|맞|은|거|아님|?|뭐|그리|오래|살|아|잇|음|?|첸|볼|꼬집|고|머리|에|총|겨눌|때|압권|ㅋㅋㅋ,0
82,8591643,뭘|말|하|려는지|는|알|겠|지만|해도|해도|너무|한다,0
83,9085657,뭐|야|평점|왜|이래|?|?|보|고|싶|어|진다|대체|어떻|길래|ㅋㅋ|ㅋㅋ|일단|선|1|점|후감|상|ㄱ|ㄱ,0
84,80188,진주|만|공격|이후|벌어지|는|미국|과|일본|간|의|태평양|전쟁|에서|의|해전|을|다룬,1
85,8369152,영화|와|회화|와|소설|의|모호|한|경계|.|작위|적|이|고|지루|하|다|.,0
86,9656376,올해|로|이|영화|나온|지|20|년|이|되|었|네|.|오늘|다시|봤|는데|시대|의|간극|을|느낄|수|없|었|다|.|전혀|.|정말|놀랍|다|.|..|왕가위|감독|은|대체로|사랑|의|고독|과|쓸쓸|함|을|너무나|도|아름답|고|몽환|적|인|이미지|로|잘|표현|하|는|것|같|다|.|우리|나라|에서|도|이런|감독|이|있|었|으면|.|..,1
87,10163652,구시대|의|유물|을|광내|고|기름|칠|한|결과|21|세기|영화|와|의|비교|보다|는|20|세기|영화|와|의|비교|가|올바른|비교,0
88,9832548,땅콩|을|쏴라|였|으면|더|재미있|었|겠|네,0
89,6465032,맨날|보|면|소리지르|면서|끝나|ㅋㅋ|ㅋㅋ|맨날|똑같|은|엔딩|노래|ㅋㅋ|복수|는|언제|쯤|?|OO|처럼|맨날|당하|기|만|하|고|아오|ㅋㅋ,0
90,4455987,너무|지루|하|고|.|.|스토리|도|엉성|.|동화|를|영화|화|했|다는|점|에서|만|볼|만|함|.,0
91,9578311,아|.|..|일|점|도|아깝|따|.|..|영화|보|면서|내내|욕함|.|..|마동석|아저씨|가|불쌍|타|.|..,0
92,8883482,"1997|년|에|는|모르|겠|지만|.|.|2014|년|지금|보|기|엔|그냥|졸작|일|뿐|.|재미|도|없|고|,|감동|도|없|다|.",0
93,10264205,희대|의|쓰레기|영화|이렇게|못|만들|고|싶|어도|못|만든|다|.,0
94,9799585,"각각|뭔가|새로운|것|들|로|많이|담겨|있|어서|개인|적|으로|는|굉장히|재미있|었|다|.|특히|당구공|하|고|로봇|이야기|는|장편|으로|나왔|으면|.|.|ㅠㅠ|국내|에|는|이런|영화|를|찾아보|기|가|힘든데|,|이|영화|가|잘|되|었|으면|새로운|길|을|여|는|영화|가|되|었|을|텐데|안타깝|다|.",1
95,6090387,"오작교|기달리|는|주말|,|주일|이|넘|좋|았|는데|넘|아쉽|다|ㅠ",1
96,5600547,코미디|?|?|농담|아니|고|어떠|한|씬|에서|도|웃|은|적|없|었|다|.|.,0
97,8564305,혹시|쥬만지|는|아니|겠|지|?|??,0
98,7511552,굿,1
99,9708290,너무|너무|재미|있|게|봤|어요|.,1
100,7964725,좋|은|이야기|야|좋|은|사람|들|이|만든|영화|그것|만|으로|도|뜻깊|은|이야기|.|.,1
101,230566,0|점|이|있|다면|.|..,0
102,8789104,영화|볼|만|한|거|없|을까|인터넷|OO|보다|본|영화|.|반전|있|다고|해서|봤|는데|.|보|는|내내|영화|가|잔인|하|면서|도|심장|쫄|림|;;|게다가|영화|보|면서|이|영화|에|반전|있|다는데|있|을|법|한|반전|이|없|는|같|은|데|하|고|봤|는데|.|이런|반|전이|!|!|재미있|게|봤|다|정말로|!|생각|도|못한|반|전이|였|음|.|.,1
103,7315661,재미없|다|.|.|1|점|준거|중|한국|영화|는|죄다|10|점|준|매미|OO|있|네,0
104,9991633,시간|이|아까운|영화|/|초딩|들|도|유치|해|할|만|한|영화|/|별|1|개|도|아까운|영화|/|영화|라|부르|기|도|민망|한|.|...|영|와|!|!!,0
105,8517600,최고|.|단순|로맨스|영화|라고|만|은|볼|수|없|다|마지막|leave|me|alone|forever|라는|말|의|정확|한|의미|가|궁금|하|다|.|.|너무나|hate|하|게|되|어서|일까,1
106,9087114,아무리|영화|가|재미없|어도|왠만|하|면|잠자|진|않|는데|이|영화|는|도저히|버틸|수|가|없|다|.|몇|번|을|도전|해도|실패|.|이렇게|재미없|는|영화|는|내|평생|다시|볼|수|없|을|것|같|다|.,0
107,5494027,이소룡|만큼|대단|한|동양|의|액션|스타|가|또|나올|수|있|을까|?|최고|임|!,1
108,5477097,별|기대|도|없이|봤|는데|도|날|만족|시키|지|못한|영화|ㅠㅠ하이틴원래유치하지만이건너무ㅠㅠ,0
109,9405304,네비|랑|첫|사랑|이랑|동일|인물|이|아니|라는|건|아쉽|지만|그래도|재밌|게|봤|습니다|.|그리고|너무|짧|아요|ㅠㅠ,1
110,3359041,정말|재미있|습니다|ㅎ|계속|봐도|질리|지|않|는|코미디|영화|ㅎ,1
111,9845396,이거|완전|OOO|네|.|ㅋㅋ,0
112,8915020,두|번|이상|봐야|이해|하|면서|아|ㅡ재밌구나하실거에요,1
113,1426066,다른|쓰레기|호러|물|처럼|시리즈|가|안|된|걸로|도|감사|한다|.,0
114,9480004,영화|볼|겁니다|이거|예약|하|는|겁니다|딱히|방도|가|없|어서,1
115,6246373,벌써|세|번|째|본|절정|.|dvd|로|만들|어|팔|았|음|좋|겠|는데|.|.|볼|때|마다|먹먹해|지|는|기분|.,1
116,9405373,잔인|하|기|도|하|고|무서웠|어요|ㅠ탑은|멋있|더라구요|~~,0
117,9733931,이건|잼|있|게|본|영화|.|하정우|최민식|멋지|네,1
118,148138,좋|습니다|~|여러|번|봤|는데|경관|도|좋|고|내용|이|가슴|찡|합니다,1
119,7688973,연|걸|형|님|ㅠㅠㅠ|짱|!|!!,1
120,7983952,나이트|윙|슈트|에|OOO|는|왜|달려|잇|는데,0
121,9452222,캐치온|에서|봤|음|ㅋ|재밌|음,1
122,9355484,"내|가|씬|시티|1|에서|영상|만|본|것|처럼|이|영화|도|호불호|가|갈릴|듯|.|계속|된|긴장감|과|만화|적|인|캐릭터|표현|,|기획|에|맞|는|연출|과|스토리|다|좋|았|다|.|6|점|대|는|오바|고|8|점|은|줘야|함|.",1
123,858775,저기|이거|구하|는|방법|좀|.|...,1
124,475516,"막막|.|하지만|,|그것|도|사랑|.",1
125,1647384,보|긴|보|았|는데|기억|에|남|지|않|는다,0
126,8749656,친구|집|앞|에서|매일|놀|자고|서성이|던|그|때|.|.|학교|운동장|에서|매일|같이|뛰어놀|던|그|시간|.|.|동산|위|에|올라가|던|시절|.|.|너무나|그립|다|.|스마트폰|이|생긴|지금|현재|아이|들|에게|그런|추억|이|있|을까|.|.|때론|아날로그|시절|로|돌아가|고|싶|다,1
127,9296086,고양이|는|있|다|참|재밌|습니다|150|부작|까지|가|주|세요,1
128,8203686,ㅅ|ㅂ|다|봤|다|.|.|힘들|었|다|.|.|개|유치|함|.|.|홍수아|서지석|때문|에|봤|다|.|.|세상|에|나|.|.|배우|값|을|못|한|삼류|영화|.|.|뭔|내용|이|이래|.|.|진짜|작가|제작자|샹|.|.|감독|은|감독|생활|오점|이|다|.|.|차라리|유명|에로|가|낮|지|.|.|홍수아|.|.|오빠|가|1|점|밖에|못|준다|.|.,0
129,9120194,"각|사람|들|의|추악|한|꼴|을|보여줌|으로써|제목|과|같이|짐승|의|끝|을|보여|주|고|,|한국|적|인|고립|된|풍경|분위기|다|좋|았|으나|세상|에서|가장|답답|하|고|짜증|나|고|무식|한|여주인공|때문|에|보|는|내내|짜증",0
130,5185447,프랑스|영화|는|역시|쓰레기,0
131,6145213,이걸|영화|라고|만드|냐|?|??,0
132,3176232,내|인생|을|돌아보|는|기회|가|되|었|다,1
133,2718943,재미있|던데|.|........|어릴|떄|진짜|재밌|게|봤|다|.|.,1
134,4693980,오늘|첫|방송|보|다|말|았|어요|.|.....,1
135,9500893,이|영화|수입|해서|이름|개|같이|붙인|회사|(|주|)|케이알|씨|지|가|진정|한|좀비|OOO|영화사|.|좀|비|만|도|못한|말|종|들,0
136,3547022,작살|이|다|.|끝내|준다|영화|가|.|와|.|..,1
137,9766386,"뻔한|가족|애|,|뻔한|결말|.|종합|격투기|장면|도|그저|그렇|다|.",0
138,3853469,진짜|너무|좋|다|.|..|이|영화,1
139,2322908,노튼|때문|에|하나|더|준다|.|.|와|진짜|.|.,0
140,4826907,시원시원|한|액션|~|잼|있|어요|^^,1
141,532611,동물|을|의인|화|한|상상력|이|좋|다,1
142,9134299,강원도|의|힘|은|설악산|에서|나온다|.,1
143,3649375,사랑|의|본질|은|결코|하나|가|아니|라는|것,1
144,4088324,정말|소름|끼칠|정도|로|멋진|나|나|.|재밌|어서|끝|나가|는|게|아쉬웠|다|.,1
145,8780374,솔직히|너무|고평|가|된|게|아닌가|싶|네요|1|점|대|로|떨어져야|되|는|작품|입니다,0
146,9760985,조금|지루|하|고|내용|도|허술|했|음,0
147,9755387,긴장감|도|전혀|없|고|몰입|도|최악|평점|에|낚였|다,0
148,9907299,좋|은|영화|.|마음|을|열|고|즐기|자|.,1
149,9552252,인생|영화|ㅠㅠㅠㅠ굳|장|르노|때문|에|봤|는데|보|는|내내|흐뭇|했|음,1
150,9492005,니|네|가|막대|하|는|팬|들|이|니|네|시청|자|야|가위|바이|보로|순서|?|하|참|웃겨서|ㅋ,0
151,10183906,최고|다|정말|말|이|필요|없|는|.|..,1
152,3351074,제일|재미있|엇|던|판타지|영화|들|을|제끼|고|내|기억|속|에|1|위|로|머무를|그런|영화|.,1
153,2598906,고질라|는|미국|껀|데,0
154,8647340,무슨|생각|이|었|을까|ㄹ|ㄹ,0
155,8211636,이|계절|에|딱|맞|는|영화|다,1
156,9718777,노|잼|노|잼|노|잼|노|잼|노|잼,0
157,3338093,OOO|쥐새끼|.|..|세|살|짜리|도|보|고|비웃|을|영화|구만,0
158,8867305,명작|이|다|그런데|흥행|만|원하|는|우리|나라|에서|는|각광|받|지|못했|다,1
159,4809323,어이없|는|순간순간|이|아쉽|다,0
160,108832,허|~~|이것|도|영화|야|?|?,0
161,9383134,"스토리|이상|함|,|앤|딩|이상|함|,|주연|보다|조연|이|더|연기|잘|함|.|..|불륜|을|아름답|게|포장|하|고|싶|었|던|거|같|은데|상처|받|은|가족|은|안중|에|도|없|고|이기|적|임",0
162,7077138,진짜|너무|너무|잼|있|어요,1
163,9849994,평점|보|고|갔다왔|는데|정말|재밌|네요|.|10|점|줄|만|한|것|같|습니다|.|다운|받|아서라도|꼭|보|세요|.|여럿|이|서|함께|볼수록|더|재밌|는|것|같|습니다|.|높|은|평점|이|나오|는|이유|가|있|네요|.,1
164,6347119,정말|골|때리|는|영화,1
165,8376738,수술|후|붓|기|도|안|빠진|여배우|를|;;,0
166,9979044,노|잼|노|잼|뭔|십자|야|OOO|재미|도|없|는|거,0
167,149442,왜|흥행|에|실패|했|는지|알|겠|네요|.,0
168,8142479,"마지막|에|괜찮|은|반전|이|있|지만|,|단순|한|소재|를|가지|고|러닝|타임|을|채우|기|위해|질질|끈다|.",0
169,8219421,이해|가|안|되|고|난해|한|작품|.|...|차라리|소설|을|봐야|이해|를|할|거|같|다|.|.|세|번|째|작품|이|그나마|재밌|고|신선|했|다|.,0
170,10011884,등장인물|들|이|매우|아깝|다|.|무슨|얘길|하|고|싶|은|건지|도대체|.,0
171,7684585,재밌|는데|.|.,1
172,3634150,정말|재미|없|다|.|야한|장면|이|라도|많이|나왔|으면|10|점|줄|껀|데|옛|다|1|점|.|.,0
173,8770761,올해|25|살|입니다만|그동안|관심없|던|언론|들|의|행태|를|이번|영화|를|다|보|고|나오|니|왜|이|지경|까지|왔|는가|잘|알|수|있|었|습니다|.|저|처럼|언론|에|관심|이|없|던|사람|들|이|보|면|참|좋|은|영화|같|더군요|추천|드립니다|!,1
174,8671877,김혜나|가슴|좀|화끈|하|게|보여|줬|으면|괜찮|았|을|텐데,0
175,8741773,이동욱|눈빛|짱|~~|눈|만|보|면|완전|몰입|됨,1
176,2720504,드니로|.|..|누가|거절|할|수|없|는|제안|을|한|겁니까|?,0
177,8848295,강제|징집|되|어|광훈|은|천|태웅|을|만난|것|이|천운|이|었|다|.|마지막|장면|를|보|고|나|도|모르|게|눈물|이|흘렀|다|.|그|당시|에|광주|민중|항쟁|지나|고|학생|들|은|정부|의|진실|왜곡|을|밝히|고자|최루탄|콧물|지겹|도록|흘렸|는데|!,1
178,6559649,한국|에|이런|영화|가|나왔었|다니|.|개봉|당시|에|너무|묻혀|버려서|안타깝|다|.,1
179,8974221,진심|.|.|이거|보|고|웃|는|사람|있|음|?|처음|에|조금|보다|껐|다|코미디|영화|를|이렇게|진지|하|고|심각|하|게|본|적|처음|이|다,0
180,796517,"완벽|한|영상|,|음악|.|멋졌|지만|.|..|이|사랑|.|대체|이해|가|가질|않|는다",0
181,7080794,짜증|난다,0
182,1413694,그저|그런|애니메이션|.|..|그저|그런|재미|.|..,0
183,3528071,진짜|이거|찍|은|필름|값|이|아|깜|다|.|..,0
184,443906,"말|그대로|,|에시드|하우스",1
185,9804178,재난|영화|인지|범죄|영화|인지|영웅|물|인지|중심|이|안|잡혀|있|다,0
186,8046332,우디|앨|련|영화|라|기대|안|했|지만|.|..|산만|하|고|몰입|안|되|게|만드|는|능력|도|능력|이|랄까|.|..|쟁쟁|한|배우|들|을|끌어들였|지만|건질|건|없|는|영화|.,0
187,7008860,하잘것없|다|ㅉㅉ,0
188,7648358,우|앙|티비|에서|하|길래|봤|는데|졸|잼|이|당|.|..|아|담주|에|은위|보|기|로|했|는데|이거|만큼|액션|쩔|려나|.|.,1
189,3025997,나이|가|먹|어|갈수록|아름다운|배우|.|.|장만옥|정말|대단|.|.,1
190,10128737,이거|보|고|평점|9|점|이상|안|주|는|사람|은|영화|볼|줄|모르|는|듯,1
191,255561,서기|와|장국영|이|둘|다|나온다|길|랭|봤|더니만|.|.|천박|한|영화|다|.,0
192,1157132,시걸|이|주연|인데|기대|한|내|가|바보|지,0
193,7007575,"뜨겁|고|씁쓸|한|,|그러나|슬프|지|는|않|은|이야기|.",1
194,7400390,화질|도|별로|고|캐릭터|도|별로|고|내용|도|별로|다|내용|은|단|한|가지|!|!|꿈|가지|고|살아라|가|전부|다,0
195,7327632,"태어나|서|별점|처음|써본다|이런|게|스릴러|지|!|!|유해진|,|진구|씨|연기|쩔|어|~~~~~~~~~|왜|이제|봤|을까|너무|재밌|음",1
196,10276456,"사과|한|마디|받|기|참|힘든|세상|!|소중|한|이|의|생명|과|정상|적|인|삶|을|통째|로|빼앗긴|피해자|들|은|넘쳐나|는데|,|가해자|는|권력|뒤|로|숨|어|버린|.|..",1
197,4503327,내용|너무|평이|하|고|밋밋|하|다|.|반전|없|는|게|반전|.,0
198,5624768,아무리|저|예산|이|지만|이런|거|만들|돈|으로|불우|이웃|돕|기|나|하|세요,0
199,4963874,내|유년|시절|의|아름다웠|던|추억|을|떠올리|게|해|준|영화|.|..,1
200,7690197,이거|대박|재밌|음|!|!|시리즈|로|다|보|야|재|맛|ㅋㅋ|어렸|을|때|봣던|게|아직|도|안|잊혀|짐|ㅎ,1
201,10200567,아이|들|에게|집|에|소중|함|을|일깨워|주|는|영화|였|어요,1
202,9604849,강인|이|나온다는|것|자체|가|넌센스|다|음주운전|뻉소니,0
203,9116752,손발|이|오그라드|는|게|공포|란다|.,0
204,9295623,개|봉전|부터|기다리|고|있|었|는데|실망|시키|지|않|는군요|ㅎㅎ|물론|AV|와|단순|비교|는|힘들|지만|사토|미양|의|디테일|연기|는|최|곱|니다|!|!,1
205,9659383,1|/|2|편|의|명성|을|말아먹|은|최악|의|영화|이|죠|.|알|다시피|웨슬리|는|이루|로|쭉|내리막|이|고요|.,0
206,10179550,재밌|게|봤|습니다|.|좋|은|영화|감사|합니다|.,1
207,8981046,엔딩|크|레딧|은|올라가|고|남|는|건|류승범|뿐|.|.,0
208,9548716,이런|개|뻥|인|스파이|영화|는|처음|안경|이|무슨|mri|냐|?|액션|은|만지|면|쓰러지|고|ㅋㅋ|감독|이|깃털|가볍|게|만드셨|네|.|.,0
209,8556397,"OST|가|기|가|막힌|영화|,|클럽|에서|의|첫|공연|장면|이|짜릿|함",1
210,3365330,도대체|무슨|생각|으로|이런|영화|를|만든|건지|.|..,0
211,9662451,말|이|필요|한가|이상아|열자,0
212,5899129,볼|때|마다|설레|는|영화|.|내생|에|최고|의|영화|인듯|.,1
213,1186156,11|회|PIFF|에서|의|신선|한|충격|!|국내|개봉|하|면|꼭|보|시|길|.|..,1
214,8051045,보|는|시간|이|아까웠|다|인생|최악|의|영화,0
215,4565563,good,1
216,8130645,마지막|회|가|너무|허무|해서|9|점|주|고|싶|지만|평점|이|너무|낮|아서|10|점,1
217,5641860,Good,1
218,8677021,재밌|었|다|느낌|이|좋|음|ㄳ,1
219,4086848,스페인|문화|도|모르|면서|보|는|데|재밌|겠|냐|?,1
220,9492770,21|세기|최고|의|영화|I|'|m|Still|Here|는|평생|에|한|번|쯤|들어야|된다,1
221,5028863,상당히|루즈|함|~,0
222,8043695,21|세기|버전|꾸러기|발명왕|이|나왔|으면|좋|겠|어요|.|요즘|아이|들|의|과학|에|대한|관심|이|80|년|대|비해|감소|함|.,1
223,762315,[|꽃|섬|]|만큼|의|무게|감|을|가진|송일곤|감독|의|대표작|!|!,1
224,9093396,이요원|연기|가관|이|네|배우|라는|직업|을|가지|신|분|이|돈|을|참|쉽|게|버시|네,0
225,5803697,원작|이|너무|뛰어나|서|10|점|밖|에|없|다|.|00|학번|이상|에게|는|코스프레|겠|지만|.|.,1
226,9894584,연주자|들|도|좋|고|연주|도|물론|좋|았|겠|지만|위성|중계|수신|문제|인지|음향|이|너무|안|좋|아서|솔직히|연주|에|제대로|집중|할|수|가|없|었|고|돈|이|아까웠|음|.,0
227,6009042,재밌|었|당|ㅋ,1
228,7326839,good,1
229,9824340,이|영화|는|대박|입니다|.,1
230,6993784,거짓|으로|점철|된|좌익|선동|영화|.|0|점|을|줄|수|없|다는|게|안타까울|따름|이|다|.,0
231,10017745,평론가|의|말|을|믿|지|마|라|영화|는|너|가|보|고|평가|를|해야|하|는|것|이|다|.|왜|쓸|다리|없이|평점|만|보|는지|보|고|너|가|평점|을|내릴|생각|을|해라|일단|보|면|왜|내|가|이|말|을|했|는지|알|게|될|것|이|다,1
232,9894153,유치찬란|개|노|잼|오글오글|후|속편|노린|거|같|은대|안|볼꺼|절대로|영화관|에서|본|게|후회|될|정도,0
233,7629608,이수근|은|좀|아닌|듯|싶|다|올|밴|은|잘|하|고|잇|는데|왜|장동혁|은|굿|초이|스다|강호동|.|이수근|조합|지겹|다,0
234,1272258,마음|을|울리|는|영화,1
235,581279,감독|의|이야기|혹은|나와|너|의|이야기,1
236,8253701,제목|을|그냥|'|전쟁|'|으로|했|어야지,0
237,9230887,도대체|우리|한테|왜|이러|는|거|예요|?,0
238,8779406,내|살|면서|액션|영화|중|에|최고|였|습니다|.|진짜로|최고|인생|3|영화|안|에|듭니다저한텐정말,1
239,8442250,점수|를|주|고|싶|어도|줄|수|가|없|게|만드|는|영화|.|어디|하나|엉망|이|아닌|부분|이|없|는|영화,0
240,9241082,내|가|본|재난|영화|중|제일|명작|이|라|생각|되|는|영화|.|또|보통|2|편|나오|면|1|편|에|비해|별론데|이건|1|편|에|는|조금|못|미치|지만|나름|대로|괜찮|았|음|.|디센트|진짜|추천,1
241,9826927,꼭|봐야|되|는|인생|영화|다,1
242,9904069,10|점|이|46|%|면|이|영화|는|안|보|는|게|맞|다,0
243,10148623,진짜|이게|무슨|영화|라고|만|둘|어|개|노|쟘|ㅡㅡ,0
244,9992906,김하늘|코|달라짐|지금|이랑|다르|넴,1
245,409031,슬픈|영화|가|아닌데|왜|케|눈물|이|나오|는지|슬퍼요|ㅠㅠㅠ,1
246,3655167,"봉제|기법|은|싼|티|,|알|기|힘든|내|러|티|브",0
247,2914744,노래|가|좋|아서|3|점,0
248,5284620,알바|진짜|장난|아니|다|ㅡㅡ,0
249,5584678,그렇게|한심|한|여행|은|시작|되|었|다,0
250,1364798,한편|의|만|활|보|는|듯|한|.|..|끝|에|한|번|웃겨|줘서|2|점,0
251,7534368,심오|하|다|작품|성|쩔|어|ㅓ,1
252,5837153,"재미|에|비해|평점|이|낮|다|,|재미있|는데|.|..",1
253,4680740,어렸|을|때|토요|명화|에서|보|고|그|감동|이|평생|잊혀|지|질|않|을|훌륭|한|영화|.,1
254,5764340,용신|님|멋있|음|.|용빼|면|볼|거|없|음|스토리|뻔하|고|.|연기|별|로|.|최악|까진|아니|고|볼|만|함,0
255,2528348,난|이거|진짜|죨|라|재밌|던데|.|....|강추|임|니|다|꼭|보|세요|.|ㅋㅋㅋ|ㅋㅋㅋ,1
256,8532134,현실|적|이|지|도|않|고|픽션|으로서|도|재미|없|는|한심|한|드라마|.,0
257,3210726,`|왕호|`|씨|의|발차기|가|멋지|고|`|임은주|`|씨|의|무술|도|괞챦더군여,1
258,9886067,뭐|야|평점|왜|케|높|은|거|지|?|?|2|로|맞춰야|해|!|!!,0
259,9222820,군대|휴가|때|봐도|재미없|었|던|영화,0
260,5801463,항상|훈훈|한|결말|.|.,1
261,9136878,설정|부터|가|좀|유치|함|.|그나마|성룡|의|헐리|웃|진출|작|중|볼|만|한|작품|중|하나|라는|사실,0
262,7235500,전|좋|은데요|;,1
263,7665978,취향|이|갈릴|듯|나|는|재미없|어|보다|끔,0
264,3995695,hot|리뷰|쓴|사람|2|명|.|같이|영화|봤|냐|?|트릭스|랑|비|와|함께|간다|.|.|응|?|?..|알바|가|있|긴|하|구나,0
265,3254250,재미|만|놓|고|보|면|너무|지루|해서|.|.|4|점|.|..,0
266,1039157,뭐|가|공포|냐|?|이해|가|안|됐|다|.,0
267,9467925,영화|가|전달|하|려는|메세지|도|애매|하|고|배우|들|연기|특히|오광록|씨|에|연기|는|아직|뭔가|.|...|여주인공|에|태도|?|행동|도|이해|하|기|가|조금|힘들|었|음|.,0
268,3877506,레니|할린|을|떠나|서|WWE|필름|인데|뭘|바라|냐|.|.,0
269,5698593,일본|스러운|영화|설교|쟁이|들,0
270,4146527,"어중간|한|영화|들|보다|훨씬|낫|다|.|..|생각|도|많이|하|게|하|고|.|..|유덕화|,|유약영|연기|도|일품",1
271,6798113,"마지막|회|시청|률|3|.|2|%|라|?|이것|이|1000|만|관객|을|동원|한|여배우|의|힘|인가|?|아니면|,|누군가|를|왕따|,|이|지|메|시킨|걸로|유명|해진|그분|?|의|출연|때문|?|정말|의지|.|..|가|느껴|지|는|,|시청|률|.|효민|이|,|막내|아름|이|앞|에서|좀|창피|하|겠|다|.|소연|이|쪽|해운대|연인|들|도|.|개|박살났|고|.|..",0
272,8093392,10|점|정도|는|아니|지만|스릴|있|었|는데,1
273,3727752,어제|케이블|채널|에서|봤|는데|.|.|내|인생|최악|의|영화|로|당첨|.|.,0
274,8194999,디워|만|도|못한|영화|는|오랜|만|이|다,0
275,9989731,인생|영화|다|이건|어떤|영화|보다|도|감동|재미|게다가|리얼|이|지|무엇|보다|김성근|감독|님|존경|하|고|사랑|합니다|펑|고치|고|싶|단|마지막|말|의|여운|이|오래가|네요|꼭|보|세요|한|가지|아쉬운|건|홍보|좀|많이|하|지|이|영화|나온|거|너무|뒤늦|게|알|았|다|ㅠㅠ,1
276,9608048,라스트|30|분|은|엄청난|에너지|와|카타르시스|폭발|!,1
277,2426032,곰|티비|에서|봤|는데|너무|재미있|고|감동|적|이|네요|!|!|짱|!|!,1
278,2192397,가운데|낑|겨|서|돌|아|버리|는|표정|작살|이|네|!,1
279,9817796,드|카프리|오|젊|은|시절|을|보|니|나|랑|.|참|.|많이|닮|은|거|같|다|.|.|영화|가|끝나|고|.|거울|을|보|니|드|카프리|오가|.|잇|다|.|.,1
280,2952823,애|들|이|보|기|엔|알맞|네|!,1
281,6361235,재미|도|없|고|잠|만|오|고|대체|무슨|내용|?|한|효주|때문|에|봤|는데|ㅡ|.|ㅡ|한|효주|때문|에|점수|준다|ㅡㅅㅡ,0
282,4985903,카사노바|하하하하|너무|좋|아요,1
283,10218975,채널|CGV|에서|보|고|베개|를|던진|영화,0
284,7527321,이연걸|액션|이|야|늘|기본|은|하|니|넘나|도|당연|하|지만|극|전개|가|넘|재미|가|없|다|.|딱히|웃긴|부분|도|없|었|구|.|.,0
285,8022734,아|;;|돈|날렸|다|--|이런|OOO|기|작|은|보|라고|해도|안|본다|씹|;;,0
286,4621626,"조잡|한|내용|에|터무니없|는|길|이|,|코스트너|표|자화자찬|식|영웅담|에|동상|까지|나온다",0
287,7318841,굳,1
288,5333448,보|지|말|라고|하|고|싶|다|.|저능아|같|은|끼|어|맞추|기|는|헛웃음|만|.|.,0
289,509920,몇|번|을|봐도|재미있|는|영화|입니다|.,1
290,4035749,익숙|하|다|못해|지쳐|버리|는|스토리|.,0
291,1512837,역시|일본|답|다|.|.|하|는|영화,0
292,5686272,참|쩔|어요,1
293,9933551,ㅋㅋ|ㅋㅋ|웃음|밖에|안|나온|닼|ㅋㅋ,0
294,8542521,걍|야동|임|.|ㅋㅋ|좋|은|딸|감|이|다,1
295,3878855,일본|의|이해|안|가|는|영화|중|하나|그냥|유명|인|만|캐스팅,0
296,4597497,마지막|반전|에|사람|을|깜짝|놀라|게|했|던|영화|.|최고|의|영화|.,1
297,641394,대학|2|학년|때|봤|던|영화|마음|에|큰|상처|가|되|었|던,0
298,9152594,우에노주리|도|좋|고|일본|사투리|도|재밌|었|습니다|.,1
299,4864524,어디|로|비상|하|는|건|여|?|??|왜|19|금이|여|?|???|이런|영화|는|그만|.|...,0
300,5446016,별|한|개|도|아까운|영화|이런|영화|도|만드|는|구나|라는|사실|을|알|게|되|공부|가|됬|던|영화,0
301,9332859,아이고|의미|없|다|ㅋㅋㅋ,0
302,8154657,가볍|게|포장|하|려는|발버둥|이|부질없|고|무|책임|하|게|느껴진다|.|목적|없이|표류|하|는|것|은|나름|의미|있|을|수|도|있|지만|미학|적|으로|는|기대|이하|라서|짧|은|런닝|타임|도|견디|기|힘들|었|다|.,0
303,17585,나|까|야마|미호|빼|곤|볼|게|없|다|.,0
304,8536520,너무|오글거리|는|대사|들|액션|의|맛|보다|는|스토리|가|이어져야|하|기|때문|에|액션|을|넣|었|다|.|그래서|긴장감|도|없|다|.|그|들|의|우정|얘기|만|으로|는|부족|하|다|.,0
305,10106504,감독|님|감사|합니다|정말|최고|에|요,1
306,3515195,90|년|대|초반|영화|같|은|촌스러운|스토리|어색|한|특수|효과|잘못|된|한국어|사용|허점|투성이|영화,0
307,4166051,포스|쩔|어|ㅋㅋㅋ|ㅋㅋㅋ|ㅋㅋㅋ|ㅋㅋㅋ|ㅋㅋ|ㅋㅋ,1
308,8788965,몇|년|만|에|다시|봤|는데|도|감동|.,1
309,9703975,평점|6|점|이하|가|적|당|.|이|정도|일|줄|은|몰랐|다|이건|진짜|아니|다|.,0
310,6977928,용감|해서|별|10|개,1
311,8639590,이런|영화|만드|는|거|야|자유|지만|관객|으로서|정말|수난|이|다|.,0
312,8678949,첫|번|째|에피소드|정말|.|...|엄청난|소름,1
313,4637092,이게|왜|?|??,1
314,3937716,후|~|배우|들|의|묵직|한|연기|는|정말|최고|다|.|.,1
315,10239793,완전|재미있|다|웃기|다|재밌|다,1
316,9937364,스타트|랙|1|을|봤|으면|2|까지|봐야|한다,1
317,2974773,매우|볼|만|하|다|뭐|영화|몇|개|섞|은|듯|한|느낌|은|있|지만,1
318,9622271,스필버그|감독|본인|이|유대인|이|라서|그런지|영화|속|에서|도|이스라엘|을|까|야|하나|말|아야|하나|고뇌|하|는|느낌|을|받|았|다|그렇|다고|팔레스타인|을|막|옹호|해|주|는|것|도|아니|고|.|.|대사|로|옹호|하|는|장면|이|있|기|는|하지만|.|.|그럼에도|영화|는|긴장감|있|게|흘러간다|재밌|게|봤|다,1
319,8222929,빨리|돌려서|3|분|만|에|봤|당|~|재미없|네|갈수|로|재미없|고|재방송|하|는|거|같|은|느낌|이|다,0
320,3560873,와|.|..|어렸|을|때|이거|보고|할머니|들|은|다|무서워|했|는데|.|..|ㅋ,1
321,7910455,쓰래|기중|의|쓰래|기|돈|내고|다운|받|았|는대|삭제|해버림|1|점|도|아까워|영화|발전|을|를|후퇴|하|게|만드|는|쓰래|기영|화|다|원숭이|가|만들|어도|더|잘|만들|겟|다,0
322,4842649,"재밌|엇|는데|끝나|서|아쉽|네요|.|그래두|,|해피|엔딩|이|라서|좋|앗|네요|.",1
323,9454631,개저|질|삼류|람보|영화|.|..|권상우|랑|탑|람|본|줄|알|았|다|ㅋㅋ|무슨|기관총|을|들|고|쏴|대|냐|ㅋ|메탈|슬러그|보스|임|?|?|이런|영화|에|10|점|주|는|얘|들|이해|가|안|된다|.|.,0
324,7745645,"긴장감|넘치|는|전개|와|함께|화끈|한|액션|,|아놀드|형|님|의|근육질|몸매",1
325,7269551,조승우|너무|좋|닿|ㅎㅎㅎ|ㅎㅎㅎ|ㅎㅎ|ㅎㅎ|^^,1
326,10163879,혹시나|하|고|와|봤|는데|역시|나|평론가|들|이란|ㅋㅋ|선동|영화|에|는|무조건|평균|이상|평점,0
327,9335450,짐|캐리|이름|만|으로|도|10|점|이|죠|.|.|영화|관서|잘|봤|읍니다|.|.|볼|만|해요|.,1
328,10127921,거창|한|제목|과|남자|배우|들|에|비해|소소|한|잔치|상,0
329,1674168,약|애|;;;,0
330,9780553,"프랑스|의|관용|,|똘|레|랑스|의|허구성|을|이야기|하|는|줄|알|았|는데|.|..",0
331,8482974,"나이|가|들|어|보|니|명작|중|최고|,|강수연|은|연기|천재|며|극본|감독|완벽|하|다|.|한국|영화상|최고|의|작품|이|다|.|정말|완벽|한|영화|다",1
332,2994606,남자|로|살|지|여자|로|살|지|왜|내|가|고민|이|되|지|?,1
333,8965153,당신|이|들러리|에|불과|하|더라도|인정|할|수|있|다면|찬양|하|라,0
334,5820897,누구|보다|도|착해|보였|던|아버지|역|의|김영철|아저씨|연기|ㅠㅠ,1
335,3572183,76|년|그|당시|에|는|지금|처럼|화려|한|특수|효과|기술|없|어서|그렇|잖아,0
336,45466,이거|왜|19|세|예요|?|공포|때문|에|?|?,0
337,6386818,조재현|짱|!|!!!!!!!!!!!!!!!,1
338,8735651,둠|스|데이|2014|와|같|은|급|의|영화|.|시간|낭비|마시|오|.,0
339,6263849,잔인|하|고|더럽|고|이상|하|고|추상|적|이|고|진지|하|고|우울|하|고|기괴|하|고|극단|적|이|고|.|..|식상|하|다,0
340,6182937,매드|맥스|2|이후|이|영화|의|레이싱|이|최고|라|생각|한다|.|최근|디바|이드|를|봐라|.|영화|냐|?,1
341,6126135,이스트우드|옹|의|연출|능력|은|이|영화|로|주가|가|오르|기|시작|했|다|.,1
342,39040,이|영화|시사회|에|갔었|는데|.|.|대략|웃음|바다|.|.|로맨스|가|아니|라|엽기|코믹,0
343,5393647,키아누|리브스|나온|대|서|봤|지만|재미없|어서|보다|끈|영화|.|..,0
344,4192041,투박|하|지만|진솔|한|메시지|를|담|고|있|는|영화|.|음악|이|뭔지|알|게|해|준|영화|.|..,1
345,7247991,실화|.|..,1
346,9746794,완전|막장|스토리|노래|는|좋|았|으나|스토리|가|말아먹|음|이렇게|만들|꺼|면|차라리|후속작|을|안|만드|는|게|좋|았|을|듯|하|다|.|이런|막장|스토리|는|아내|의|유혹|이후|로|처음|.|.,0
347,10224611,깜짝|깜짝|놀래|고|무서워요,1
348,9374117,첫|장면|부터|19|금|장면|이|나오|네요|ㅡㅡ,0
349,7522614,이렇게|역겨운|영화|는|첨|본다|.,0
350,4338590,아무|생각|없이|봤|는데|매우|좋|았|음|.|..,1
351,4703786,부끄러운|산물|.,0
352,9305031,결혼|전|에|있|었|던|일|로|길용우|씨|가|복수|하|는|이유|를|모르|겠|음|.|아이|들|도|질|키웠|구만,0
353,5152122,쿠바|의|분위기|를|한껏|느껴볼|수|있|었|던|다큐|!|정말|좋|았|어요|ㅎ,1
354,5456774,아무리|재밌|어|봤|자|스텝업|짭|.|거의|소재|만|따지|고|보|면|표절|수준|.|스텝업|아류|작,0
355,2894974,아|신난다|~,0
356,366662,부담|갖|지|않|고|유쾌|하|고|자연|스럽|게|봤|다|.,1
357,7549742,"인도|영화|의|새로운|면모|를|접했|음|.|재미있|고|흥겨움|.|쉽|게|설명|하|자면|인도|판|무협물|인데|,|사자|손바닥|을|쓰|는|장법|하|며|일당백|의|무력|을|과시|하|는|액션|이|재미있|음|.|지루|할|틈|이|없|는|본격|오락|영화|임|.|강력|추천|.",1
358,7959546,여자|가|등장|할|때|까지|는|공포|감|도|좋|았|고|매우|좋|았|는데|.|둘|이|섹스|를|한|시점|부터|뭔가|이상|해짐|.|내용|도|산|으로|가|고|결말|도|이상|하|고|.|내|가|이해|못|했|나|싶|어서|리뷰|들|다|봤|는데|.|...|이게|뭐|야|ㅜㅜ|내|시간|돌려줘|.|.,0
359,7666193,헐|.|.......|무슨|생각|으로|만든|영화|일까|.|..,0
360,8032329,가나|다라마|바사|아자|차|카타|파하,1
361,6225560,넘|좋|아|해요|시즌|원|부터|쭈욱|?|가장|현실|적|인|드라마|지만|산초|가|영애|랑|사귀|는|건|비|현실|적|♥,1
362,254255,앳된|임청하|도|이쁘|다|!|당대|최고|의|배우|들|을|보|는|재미|!,1
363,10117426,이걸|비교|하|는|자|는|배트맨|팬|이|아니|라|그냥|영화|를|보|는|사람|이|지|배트맨|팬|이|아니|지|.|.,1
364,5057263,알맹이|도|없|는데|이것저것|쑤셔|넣|으니|정신|까지|없|음|.,0
365,6059704,시대|사황|을|잘|담|았|던|영화|ㅎ,1
366,644720,재밌|어요,1
367,9872501,내|삶|에|도|바람|을|일으켜|준|영화|정말|고맙|다,1
368,6770909,참나|ㅋㅋㅋ|뻔한|스토리|에|지겨움|만|쌓이|네,0
369,5457614,소재|가|스케이트보드|가|맞|는|거|냐|?|?|이|정도|로|허접|할|줄|이|야|.|..,0
370,6066131,정말로|감동|적|인|영화|였|습니다|ㅠㅠ|언제나|봐도|질리|지|가|않|아요|!|!!!!!!|ㅋㅋ,1
371,7321239,이렇게|몰입|안|되|는|영화|는|처음|이|다|영화|보|면서|잠든|것|도|처음|이|고|끝|까지|보|지|도|못한|것|도|처음|.|무언가|전달|하|고|싶|어도|몰입|이|안|되|면|소용없|다고|생각|함,0
372,2507365,소녀|시절|의|페넬로페|크로즈|의|아름다움|.,1
373,9811111,재미없|음|.|.|시간|낭비|임,0
374,5721996,이런|기본|훈련|이|되|지|않|은|사람|들|로|왜|이렇게|위대|한|작품|을|망치|는|거|냐,1
375,6876885,하하|이게|뭐|임|ㅎㅎㅎ|ㅎㅎ,0
376,5076819,끝|도|없|네|.|.|사골|이|가|?|?|그만|우려|먹|어라|.|.,0
377,10034460,컬투|보|고|왔|습니다|~|ㅋㅋ|ㅋㅋ,1
378,7227614,평점|조절|필요,0
379,6915171,ㅋㅋㅋ|ㅋㅋㅋ|말|이|필요|음|슴,0
380,4654975,어이없|는|설정|들|ㅡㅡ|;|앞|에|10|분|보|다가|안|봄|ㅋ,0
381,10024805,나|에겐|최고|였|다|막판|에|울|뻔,1
382,7140430,이거|뭨ㅋㅋㅋㅋ,0
383,2192515,지옥|의|묵시록|만큼|위대|하|진|않|지만|.|..|리들리|스콧|다운|영화|임|.,1
384,6606100,"음악|,|연출|,|캐릭터|들|전부|꽝|ㅠ|송승헌|연기|도|안습|이|고|ㅠ|마나|짱|도|그냥|인기|를|등|에|업|고|출연|시킨|거|같|음|;|하아|.|.|고쿠센|,|밤|비노|는|갠|찮|았|는데|이|감독|님|은|청춘|코미디|물|?|에|만|강한가|봄|.",0
385,10179805,아이|들|과|재미있|게|잘|봤|어요,1
386,6640632,날|로|먹|는|장난|영화|군|.|최악|.,0
387,7555287,잊|지|말|자,1
388,4399498,재밌|어|재밌|어|재미|ㅣ|ㅅ|어|진짜로|ㅎㅎ,1
389,9614805,정말|재밌|음|ㅜㅜ폴|.|.,1
390,9578042,재미있|다|근대|왜|평점|이|낮|지|?,1
391,10067829,"영화|가|이해|되|지|않|는다고|하|시|는|분|들|,|꼭|책|을|읽|으시|길|바랍니다|.",1
392,10001675,기억|이|나|지|않|지만|별로|였을|듯,0
393,9234816,"""""""|연지|아|""""|라는|배우|묘한|매력|이|있|는|거|같|다|.|대사|처리|미흡|하|다기|보|다는|목소리|가|허스키|한|영향|인|듯|하|다|.|와이프|가|다른|남자|랑|섹스|하|는|모습|을|보|고|돌아서|는|남자|와|그런|남자|를|받|아|주|는|여자|의|격정|적|섹스|장면|과|남자|의|충혈|된|눈|이|기억|에|.|.""",1
394,6098064,"코미디|는|저질|,|신파|도|저질|.",0
395,9311967,"오래|전|에|봤|는데|,|수도복|입|고|야마카시|하|는|웃긴|장면|.|..|--",0
396,5950829,딱|90|년|대|코미디|영화,0
397,9475203,에로|영화|요즘|너무|많|네|뽕|이|라니|으|언제|쩍|뽕|이|여|.|.|ㅋㅋ|여주인공|에러,0
398,9369495,"그나마|천상|의|피조물|은|소재|는|참신|하|고|좋|다만|,|,|뭔|놈|의|개|같|은|CG|,|,|파워레인저|CG|보다|못|하|냐|,|,|,",0
399,5269732,데이비드|린치|는|천재|다|.,1
400,10254516,여러|번|볼수록|제대로|볼|수|있|는|영화,1
401,3273414,가장|칭찬|받|을|사람|은|?|?|캐스팅|감독|이|다|!|!,0
402,7250466,게이|영화|.|.....|뒷자리|에|앉|은|게|이|들|때문|에|찝찝|했|던|관람|.,0
403,5885702,들|엉|몰라|봐|사|알주,1
404,7502925,락|영화|인데|노래|가|없|다,0
405,8122384,환상|의|똥|꼬|쇼|뭔가|보여|드리|겠|습니다,1
406,8734119,어린|애|가|유치|하|다는|단어|의|뜻|을|물으면|이|영화|를|보여|주|면|된다,0
407,8965375,ㅇ|.|..|으|.|...|으|ㄹ|.|...|으리|!|!!,1
408,8336470,많|은|생각|을|하|게|된|영화|.|질리|지|않|고|봤|습니다|.,1
409,8381301,응답|하|라|~|1994|!|정말|최고|의|드라마|인|것|같|아요|~|사랑|.|.|친구|.|.|마치|추억|의|한|페이지|를|보|는|것|같|아|흐뭇|하|고|감동|적|이|었|어요|~,1
410,833353,재미있|어요|~~|봐|부세요|^|0|^,1
411,7186800,......|할|말|이|.|....,0
412,9425244,진짜|보|는|게|힘|이|들|었|다|.|.|리얼|노|잼|.|.,0
413,5378322,"느슨|해진|플롯|,|관료주의|의|병폐|인지|사건|의|해결|인지|뭘|말|하|고자|하|는지|우왕좌왕|.",0
414,5227443,영상|과|음악|의|조화|만|잘|이끌|었|잖아|.|얼굴|값|하|는|감독,0
415,5810020,너무|잘|한|것|같|아요|.,1
416,3206576,미치|것|다|.|.|ㅡ|.|ㅡ|누가|웅장|한|스케일|이|라고|시브|리|싸|갖|고|.|.|ㅠㅠ|낚였|다|~|ㅡㅡ|;;;,0
417,325185,니콜|키드먼|은|예뻤|다|.|하지만|그|뿐|이|다|.,0
418,6584920,감성|팔|이|는|그만,0
419,5038230,앉|아서|대화|만|하|는데|눈|을|뗄|수|가|없|을|정도|로|재밌|었|던|작품,1
420,10123954,아무|내용|이|없|다|뭔가|나올|줄|알|고|끝|까지|본|시간|이|아깝|다|여주|얼굴|만|예쁘|고|몸|은|뚱뚱|함,0
421,4896000,"무겁|지|않|은|동성애|,|훈훈|하|네요",1
422,6497374,쩐|다|;,1
423,371264,어린|고지|라|무자|게|어설프|네|인형|에|사람|있|는|거|너무|티나|잖아,0
424,633066,한|여성|의|위대|한|일대기|를|2|시간|정도|로|줄인|건|어색|했|다,0
425,9019138,오랜만|에|보|니|ㅋ|더|재밌|네요|여기|나오|는|드래곤|매력|이|넘쳐|요|~|ㅎ|ㅎ|재밌|는|영화|임|~|강추|해요|~|ㅋ,1
426,9749161,이딴|것|도|영화|라고|만들|어|놨|냐|?,0
427,8794674,이|감독|의|필모그래피|를|훑어보|게|됨|.|..,0
428,10155505,"너무|아니|다|,|이건|.|두|번|째|꺼|빼|고|,|다|이해|불가|~!!",0
429,8099502,이따위|편파|방송|보|지|마세요|~~|다|짜|고|치|면서|대형|소속|사|모델|밀어주|기|보|고|싶|으면|보|시|구요|^^,0
430,9947060,"진짜|댓글|처음|다|는데요|정말|너무|재미없|습니다|,|진짜|친구|가|보|자고|돈|내|고|다운|받|았|는데|진짜|잔인|하|고|답답|하|고|예상|되|는|결말|진짜|시간|내서|까지|이렇게|하|는|건|진짜|너무|아깝|고|,|그리고|결말|도|머|하|자는|건지|총|쏘|는|거|손가락|만|계속|보여|주|면|재밌|을|것|같|다는|생각|한|감독|도|대단|합니다|.|0|점|못|주|는|게|아쉽|습니다|.",0
431,6709969,한|8|점|쯤|되|지만|균형|을|위해서|10|점|줌|.|소설|을|아|는|입장|에서|봐도|괜찮|게|만들|었|음,1
432,7898019,굳,1
433,1218875,쓰레기|영화|영화|속|여자|주인공|을|보|는|내내|욕|만|나왔|다,0
434,9843594,뒤|로|갈수록|엉망진창|이|예요,0
435,8849882,몇|번|씩|봐서|그런지|몰라도|볼|때|저번|에|는|못|봤|던|이야기|가|갑자기|보이|게|되|는|그런|경향|도|있|고|정말|신|과|관련|된|영화|들|의|내용|은|이미|눈앞|에|보이|게|되|는|경향|이|있|지만|그래도|재밌|게|잘|봤|던|영화|다,1
436,4535059,"아이러니|한|위트|와|아름다운|풍경|,|그리고|거기|에|걸맞|는|음악|이|3|가지|의|멋진|3|중주",1
437,8722203,'|행복|한|적|이|있|어서|울|수|있|는|것|',1
438,8334496,가슴|을|차갑|게|만드|는|멜|로|.|...,0
439,9314210,단|한|번|도|영화|평점|을|써|본|적|이|없|는데|처음|써|보|네요|.|..|별|한|개|도|아깝|습니다|.|..|에코|나오|는|장면|1|시간|반|동안|5|분|될까|말|까|에|.|..|이|영화|보|면서|내|가|이걸|왜|보|고|있|나|.|..|아|진짜|.|.|영화|참|.|..,0
440,1996566,인기|검색어|보|고|옛|생각나|서|호평|써준다|ㅋㅋ,1
441,4955024,정말|배우|가|아깝|다|.,0
442,6108812,난|솔직히|이|영화|3|번|은|봤|음|.|.|예쁜|영화|임|.|.,1
443,10213604,머리|가|지끈거리|는|영화,0
444,5762740,다|좋|았|는데|.|..|박영규|가|진짜|이|드라마|다|살렸|닼|ㅋㅋㅋ|ㅋㅋㅋ|ㅋㅋㅋ,1
445,8836172,아오|사샤|개|간년|아|소리|좀|그만|질러라|귀신|보다|니|목젖|흔드|는|소리|가|더|소름|끼쳐,0
446,8758578,솔직히|재미|가|없|진|않|앗|음|허나|지루|함|과|엉성|함|은|확실히|잇|엇|음|실|평|은|7|.|5|점|정도|가|적당|조절|용|으로|1|점|줌,0
447,9239690,세상|엔|믿|고|보|는|배우|따위|란|없|다|!|!!,0
448,7128609,대체|왜|이렇게|상영|하|는|극장|이|없|나|싶|을|정도|로|오랫만|에|본|유쾌|하|고|흐뭇|한|영화|.|너무|영화|스럽|다|싶|을|만큼|막장|가족|스토리|가|어이없|을|수|도|있|지만|그|정도|는|웃|고|넘길|만큼|의|이국|적|배경|을|보여준다|!|!!!!!,1
449,8581877,제|2|의|빙하기|라는|설정|은|그럴듯|했|지만|수많|은|좀|비|영화|의|아류|작|에|불과|하|군,0
450,8952400,임채무|의|가부장|주의자|연기|가|싫|어서|깎|습니다|.,0
451,274145,가족|용|SF|에|많|은|걸|바라|지|맙|시|다|.|아이디어|는|굿|~,1
452,106419,yes|It|will|pass,1
453,9619187,모든|아빠|들|딸|바보|로|만드|는|영화|가족|끼리|보|기|에|딱|좋|은|영화|입니다|추천|이|요,1
454,2276125,산뜻|하|면서|도|가슴|에|남|는|영화|.|아름다웠|어|.,1
455,9899252,그냥|저냥|허접|함|영화|가|.|이안|이|왜|이런|영화|에|출연|한|건지|의문|일|뿐|.,0
456,7504057,굿,1
457,7576482,아직|도|생생|하|게|기억나|죠|엄|석대|그|못된|아이|가|정의|로웠|다면|좋|았|을|텐데|라는|생각|도|들|게|됩니다|이런|영화|는|한국|의|베스트|1|입니다,1
458,7929580,"복선|을|만들|어|놓|고|도|그냥|넘어가|는|거|.|.|타이틀|로|만든|기독교|와|의|마찰|,|삼류|스러운|연기|들|.|.|1|점|주기|엔|야박|하|고|5|점|넘기|기|엔|인심|이|후하|고|.|.|애매|~|하|다|.|....",0
459,9324351,평점|이|너무|안|좋|내|요|.|그래서|10|점|드립니다|.|^^;|꽤|스릴|있|게|잘|만든|영화|인데|소재|도|좋|고|요|평점|이|생각|보다|낮|내|요|.|.,1
460,5755784,기막힌|발상|!|!|영화|의|한계|를|뛰|어|넘|다|!|!|시각|적|청각|적|으로|모두|만족|!|!,1
461,9282739,감동|의|감동|.|..|괜히|명작|이|아니|다|.,1
462,5475346,최고|의|영화,0
463,9649109,배|우분|들|연기력|이|끝내|줘서|그런지|시간|훅|갈|정도|로|몰입|력|도|끝내|주|고|정말|재밌|게|본|영화|이때|동안|수없이|본|거|같|음|아마|우리|나라|명작|에|오래|도록|남|을|영화|일|듯|?,1
464,10053933,멋드러진|OST|를|배경|으로|현상금|과|복수|라는|정말|원초|적|인|스파게티|웨스턴|의|주제|로|매력|적|인|캐릭터|들|이|활개|친다|.,1
465,3226273,"할려고|몸부림치|는|사모님|,|좆|이|안|서|고뇌|하|는|남자|의|내면|연기|.|아카데미상|감|이|다",0
466,4924411,공포|영환|줄|알|았|네|ㅋㅋ|원작|망치|지|맙|시|다|.|.,0
467,9808470,최근|몇|년|간|봤|던|영화|중|에|최악|.|노|잼|.|뭔|생각|으로|만든|건지,0
468,10107011,1|편|>>>|넘사벽|>|3|편|>>>|2|편|>>>>|4|편|점점|코믹|영화|가|되|버린|미션|임파서블|.|..|1|편|의|박진감|.|스릴|넘치|는|연출력|무|게|있|는|내용|은|온데|간데|없|고|그저|웃기|지|도|않|은|조연|들|로|인해|가벼운|영화|가|되|버린|영화,0
469,5272548,최악|.|.|과도|한|반전|을|요구|했|네|하긴|08|년|도|쯤|이|면|반|전반전|거리|면서|유행|타|던|때|니깐,0
470,9907563,극한|상황|에서|사람|들|의|행동|성향|과|사회|현상|들|을|조금|이나마|나타내|놓|은|좋|은|영화|.,1
471,8620710,아이씨|.|.|돈아|깝다ㅠ,0
472,8102276,아카데미|6|개|부분|노미|네이트|라니|기대|해|봅니다|^^~,1
473,8465147,재미없|서|용보|지|말|라|귱ㅇ,0
474,249167,이런|긴장감|떨어지|는|인질|협상|영화|도|찾|기|힘들|것|이|다,0
475,1738684,여자|친구|랑|봐서|.|ㅠㅠㅠㅠㅠㅠㅠ,0
476,9191246,차|느|촤노어차유ㅗ아꿀잼,1
477,4557276,감동|적|이|고|정말|소장|~,1
478,565624,너무|저급|하|게|유치|한|작품,0
479,8646895,이|영화|감독|은|인간|의|4|가지|유형|에|대해서|표현|한|것|이|라고|생각|한다|.|.|그러나|이|영화|를|보|는|일부|여성|은|남성|과|여성|의|이야기|로|생각|하|며|불공평|해|하|는|것|같|다|.|..,1
480,421099,깊|고|잔잔|하|면서|도|아름다운|분위기|.|정말|매력|적|인|영화|~,1
481,6867163,이런|유치|하|고|식상|한|영화|에|무슨|10|점|씩|이나|ㅋㅋㅋ,0
482,3145647,나쁘|지|않|음|(|좋|지|도|않|음|),0
483,8383860,재밌|습니다|.|추천|합니다,1
484,4312614,영상미|가|좋|네요|특히|앞부분|암살|씬|의|공간미|와|흑백|의|대비|가|좋|네요,1
485,6814047,"무단|침입|자막|만들|어서|기간|만료|없|는|위|디스크|에|올렸|습니다|많이|들|받|아|가|시|고|리뷰|나|평점|좀|많이|씁시다|,|옛날|영화|는|자료|글|들|이|너무|없|어서요|~",1
486,4607042,정말|별|게|없|다|.,0
487,9970315,느와르|와|현실|의|경계|를|녹|아|내|는|호접몽,1
488,2331482,.|최악|의|환경|속|에서|이런|만화|라도|만든|사람|들|에게|경의|를|보낸다|.,1
489,304608,전작|의|엽기|적|인|CG|는|탈피|했|다만|.|..|이|정도|면|그만|나올|때|도|.|.,0
490,8059646,그냥|그랬|던|영화|.|.|뭐|줄거리|는|대충|알|았|으니|손|에|땀|을|쥐|고|보|진|않|았|고|대충|이러|다|성공|했으려니|생각|하|니|의외|로|지루함,0
491,9820117,현대|전쟁|영화|의|기점|이|자|최고|의|명작,1
492,2483015,반전|이|신선|하|네요|^^|로베르토|최고|!|!,1
493,8314791,아침|마다|시끄러워서|짜증|나요|.|드라마|가|소리지르|는|거|밖|에|없|어요|.|두|아줌마|나올|때|마다|짜증|나|요,0
494,4614530,영화|를|보|는|내내|왜|?|왜|?|상황|이|이러|케|흘러가|지|?|영화|라서|그런가|?|라는|생각|만|함|.,0
495,7134286,유승호|♥,1
496,2729133,아|진짜|최고|인듯|.|인상|적|이|지|않|은|장면|이|없|었|다,1
497,3579783,악|눈|배려|.|박신양|보다|서신애|가|연기|더|잘|하|는|?|우종|대역|은|민폐,0
498,4182485,망|작,0
499,4809047,차리리|소설|을|토대|로|만들|지|.|.|정말|김빠진|다|.,0
500,2189382,박시후|좋|다,1
501,304077,양진우|씨|.|..|드라마|속|의|사람|이|눈|에|띄|네요|^^|힘내|세요|^^,1
502,6447530,사랑|해요|~|슈주,0
503,8628172,다운로드|좀|.|..|부탁|해|욤,1
504,9871973,경악|을|금치|못하|겠|다|박해일|데리|고|무슨|영화|를|찍|은|거|임,0
505,7654075,"생명|의|자유의지|를|깡그리|무시|하|는|이영화|는|불쾌|함|마저|느껴진다|.|비록|클론|이|거나|노예|상태|라도|그것|이|성공|이|든|실패|든|자유|를|향해|힘껏|갈망|하|고|몸부림친|후|생명|의|존엄|함|,|인간|과|클론|과|의|값어치|에|대해서|묻|는다면|이해|하|겠|다|.|그러나|여기|의|주인공|들|은|아무것|도|하|지|않|는다|.|결국|영화|는|관객|들|의|감정|소비|만|시킬|뿐|이|다|.",0
506,227332,배우|들|의|매력|을|동시|에|발산|시키|는|제법|쉬|크|한|영화|!,1
507,7961375,현실|에|부딪혀도|멈추|진|마|잃|을|것|없|는|소녀|들|이|뜨겁|게|세상|을|살아가|는|방법,1
508,7421976,내|미래|는|뭘까,1
509,9806788,"당시|007|이|라|걍|영화관|가|서|봤었|다|.|전편|을|안|본|상태|라|이해|도|안|됐|고|,|지루|했|다|.|최근|다니엘|에|꽂혀|카지노|보|고|다시|봤|다|.|같|은|영화|인데|당시|와|달리|너무|재밌|고|박진감|넘쳤|다|.|여자|보|는|눈|도|바뀐|건지|올가|도|너무나|매력|적|이|어서|더|몰입|해서|봤|다|ㅋㅋㅋ",1
510,6039943,여러|의미|로|비|현실|적|.,0
511,9628873,"어설프|고|날림|으로|만들|었|음|.|언제|부터|엉성|하|고|부족|한|게|,|허영심|가득|한|일부|영화|매니아|들|에겐|고지식|한|교|양품|으로|둔갑|된|것|인지|.|.|이건|그냥|휴지통|으로|가|야|될|습작",0
512,8612587,코미디|라면서요|.|.?|어디|서|웃|어야|합니까|.|...?|아님|감동|이|라도|있|든지|.|..,0
513,9168336,장단점|이|애매|모호|하|다|.,0
514,90986,마샬|아츠무|비|의|시작|.|..|최고|입니다|.|..,1
515,10089385,이|시대|에|태어나|서|꼭|봐야|할|영화,1
516,9844311,매우|매우|만족|합니다|^^,1
517,7437157,변태|국|일본,0
518,94138,굿|입니다|.|.|무섭|더군요,1
519,5713646,스토리|도|별로|자연|스럽|지|못한|것|같|고|인물|의|언행|을|종잡|을|수|가|없|네요|.,0
520,6472130,가장|좋|아|하|는|영화|.|비디오|가게|폐업|때|가|서|비디오|까지|사고|.|OST|도|OO|넘|게|늘|듣|고|있|어요|.,1
521,4917547,여배우|들|고생|했|다|옛다|1|점|더|준다,0
522,5929083,종편|캐|OOO,0
523,8198357,"영화|평|이|아닌|사담|-|영화|에|질려|있|었|다|영화|를|보|는|게|귀찮|아|지|기|시작|한|.|.|봐도|감흥|,|감동|없음|의|연속|.|.|그래서|과거|인상|깊|었|던|영화|를|봤|지만|감동|을|느낄|수|없|었|다|.|무|흥|/|/|그런데|이|영화|웬지|재밌|다|.|덕분|에|앞|으로|도|영화|란|것|을|즐길|수|있|을|듯|ㅋ",1
524,4048689,이|정도|면|내|가|본|독립|영화|중|최곤데|.|..|평점|들|엉망|이|네|.|.|ㅋㅋ,1
525,10192920,개인|적|으로|이시영|씨|가|별로|여서|안|봤|던|영화|였|는데|우연|한|기회|에|케이블|에서|보|게|되|었|는데|그냥|스트레이트|로|자막|올라가|는|것|까지|봤|네요|ㅋ|오랜만|에|웃|으면서|영화|를|봤|네요|잼|있|네요|ㅋ,1
526,9616110,B|급|개그|코미디|가|주된|장르|이|면|영화|가|충실|해야|할|관객|을|웃기|게|하|는|역할|을|제대로|해내|지|못했|음|.|한마디|로|웃기|지|않|음,0
527,1425103,홍경민|긴급조치|이후|에|최고|의|연기|를|볼|수|있|다|-_-;;,0
528,9415516,다|세포|소녀|급|이|라고|생각|하|시|면|될|듯,0
529,634164,재미있|었|는데|.|.|ㅋㅋ,1
530,1369445,엔딩|완전|식상|하|더군,0
531,6800801,대학교|때|이|영화|7|번|봤|는데|질리|지|않|는|만점|짜리|영화,1
532,7688769,예성|씨|만|멋|짐,0
533,7888410,미니|멀|한|느낌|.|감독|의|추상|적|이|고|관념|적|인|표현|방식|을|떠나|서|재미|가|없|다|.|어렴풋|영화|가|말|하|고자|하|는|메세지|는|뻔한데|당|췌|재미|가|없|으니|딱히|신선|하|구|특별|하|게|와|닿|지|두|않구|.|..|그냥|감독|의|제멋대로|식|사회주의|표출|그|이상|그|이하|도|아닐|듯|.|.,0
534,9569604,엔딩|을|보|고|한동안|자리|를|뜨|지|못했|다|.,1
535,8484934,내|가|다|억울|하|네|.|.|ㅠ,1
536,10042614,"재미없|어요|지루|해요|,|,|,|,",0
537,8052605,이|거|~~~|봤|는데|?|미|쿡|영화|로|?|...(|웃음|),0
538,3614849,여주인공|정말|최고,1
539,9845664,"군대|영화|불멸|의|고전|.|.|지극히|사실|적|이|고|,|휴머니즘|으로|가득찬|군대|영화|다|.|나라|에|대한|애국심|과|'|전쟁|'|으로|인한|비극|.|.|그리고|군대|내|비리|와|전우애|등등|.|.|군대|내|의|일|을|놀랍|도록|사실|적|이|고|감동|깊|게|묘사|한|걸작|이|다|.",1
540,8782081,참|반전|에|반|전이|네|동성애|는|정말|생각|치도|못|했|는데,1
541,2122518,이|정도|배우|와|이|정도|소재|로|이런|재미|를|이끌|어|내|는|건|뭐|하|는|짓|이|지|?,0
542,3942443,좋|다|.|여자|들|이|라면|좋아할|만|한|영화|^^|예쁘|고|가슴|아프|다,1
543,8799964,가운데|이|가|빠져서|2|점|.|...,0
544,8682383,?|이|영화|재밌|다는|사람|모지|믿|고|받|었|는데|화|가|치밀|어|오르|는|거|또|모지|.|.|돈|아까운|영화|1|점|이상|은|영화|관계자|혹은|알|바|아님|5|살|미만|감독|이|앞|으로|영화|찍|으면|진짜|대모|하|러|갑니다|육|감독|인가|?|진짜|일단|유머|를|모르|는|사람|이|코미디|를|찍|으니|이런|쓰레기|작품|이|나오|죠,0
545,9872724,아들|의|모습|이|인간|본연|의|모습|이|길,1
546,9917447,솔직히|초딩|떄였나|중|딩|때|였|나|한번|봤었|는데|먼|말|인지|모르|고|맨|마지막|에|꼬맹이|탱크|탄|거|만|기억났|는데|다시|보|니까|이런|명작|이|없|다|.|진짜|이|작|은|댓글|란|에|적|기|엔|너무|도|명작|.|이런|영화|가|많|았|으면|^^,1
547,3632545,이렇게|오래|된|영화|인지|는|몰랐|다|ㅋㅋ|정말|재밌|는|애기|귀엽|다|2|편|중국|여행|나왔|으면|.|.,1
548,8167420,취|권|은|아주|쬐끔|나옴|ㅋㅋㅋ,0
549,9396232,동화|가|아니|다|철학|적|인|영화|다|.|마지막|에|통|행크스|가|바다|에|뛰어드|는|것|이|무엇|을|의미|하|는지|생각|해봐라|~,1
550,9511525,대체|이건|뭥미|?|?|아오|!|황보라|아님|1|쩜두|않|주|는|건데|.,0
551,1755210,매니아|들|이나|좋아할|영화,0
552,8755732,안중근|은|이등박문|을|쏘|았|고|.|서세원|은|안중근|을|쏘|았|다|.,0
553,234725,우연|이|만드|는|운명|이란|.|..|올챙이|가|병아리|가|되|는|그런|것|일까|?,1
554,5335152,"과도|한|아크로바틱|행위|에|내막|은|사라지|고|,|내용|이|산만|하|고|액션|은|무실|하|다|.",0
555,2090763,제발|일본|은|사라져라|.|데스|워터|때문|에|살|수|가|없|다|아직|도,0
556,7185913,천재|는|만들|어|진다,0
557,6287913,ㅋ|내|가|원|하|는|여전사|네|ㅋ|오우|~~|굿|~~|대박|영화|~~|ㅎ,1
558,25435,내|가|왜|봤|을까|ㅠㅠ,0
559,3888371,볼|꺼리|두|없|고|긴장감|도|전혀|없|음|.|..,0
560,3042210,"7|살|조카|는|무한|점|저|는|9|점|^^|가끔|웃기|기|도|하|고|,|단|안경|좀|불편|,|약간|어지러움",1
561,1468176,굿|이|에요|굿|굿|굿|~!|재미있|었|어요,1
562,5715031,진과|사|키|그리고|.|..|미키|의|이야기|.|..|연기|최고|~*,1
563,10156360,B|무비|본의|아니|게|원작|격|인|'|네|무덤|에|침|을|뱉|어라|'|는|b|코드|로|가|서|그렇|다|치|지만|!|이|영화|는|감정|을|자극|해|특수|상황|에선|?|여자|의|폭력|을|정당|화|시키|는|쓰레기|영화|임|!,0
564,8108739,꼭|노인|이|아니|더라도|병수|발|해|본|사람|들|은|저|기분|알|지|.|내|가|알|고|있|던|사람|이|아니|게|됨|.|.,1
565,9941596,레전드|급|배우|와|레전드|급|대사|.|.|김대우|그|가|있|어|기쁘|다|.|다만|다음|부터|는|노출|연기|꺼리|는|배우|는|배제|하|자|.,1
566,9436305,마지막|극장판|이|아직|안|나왓|지만|여태|나온|극장판|중|가장|눈물샘|을|자극|한|극장판|인|거|같|아요|.|.|ㅠ,1
567,7522016,연기|잘|하|고|재밌|었|어요|^^,1
568,5425533,이런|연애|하|고|싶|다,1
569,4403796,"그래야|마땅|한|세상|을|만들|려고|뻥치|시|는|이분|들|,|정말|우리|에게|도|절실|!|잼|난|영화|!",1
570,4808513,무서운|영화|5|에|들어갈|나비효과|패러디|장면|모아서|만든|듯|.|마지막|장면|때|좀|웃겼|음,0
571,6677835,"얼마나|잘|만들|었|는지|는|모르|겠|지만|.|딱|드라마|용|이|던데|.|.|영화|로|개봉|이|라니|.|.|쩝|,",0
572,9937861,"별로|야|.|.,,,,..",0
573,5540208,1|편|은|잼|는데|왜|케|평점|이|낫|냐,1
574,9469263,내생|에|쓰레기|애|니|에|추가|한다|.,0
575,8871310,이걸|왜|이제|서|야|보|았|을까,1
576,6180224,지금|봐도|재미|잇|으면|되|지|뭘|바래,1
577,7290390,소재|는|독특|하|지만|구성|이|조금|허술|하|지|않|았|나|싶|다|.|그|점|에서|공감|을|사|기|힘들|었|다|.|또한|스토리|가|도덕|교과서|보|는|느낌,0
578,4417409,전설|의|고향|에|가요|가|왠|말|?,0
579,10244020,재밌|고|유쾌|한|영화|!|기분|좋|아|진다,1
580,7458723,올|ㅋ,1
581,5131503,재미있|었|스니|다|.,1
582,8670968,영화|적|평가|는|없|고|그저|빠|순이|들|빠|심|만|가득|한|한|줄|평이|네,0
583,8191842,중고|딩|학생|들|만|봐라|성인|이|보|면|지루|하|다|학교|드라마|보|는|기분|이|다|;,0
584,5301048,시간|이|아깝|지|않|다고|생각|이|든|영화,1
585,3832498,돈|주|고|안|보|길|다행,0
586,8115428,흠|냐|.|...|뭔가|.|...|흠|.|.|그냥|할|말|이|없|네요|.|...,0
587,7791304,yb|멋져요|^^,1
588,9549079,저|는|되게|재밌|게|봤|는데|ㅋㅋㅋ|결말|까지|도|재밌|었|고|ㅋㅋ|가족|들|괴|웃|으면서|잘|봣네요|^^,1
589,10018739,영화|검색|했|는데|이게|왜|나오|냐|ㅋㅋ|;,0
590,9608769,"존|잼|제|인생|영화|입|니당|여주인공|너무|매력|있|어요|크리스틴위그|,|월터|의|상상|은|현실|이|된다|보|고|너무|반가웠|어요|.|제|취향|이랑|잘|맞|는|것|같|아서|다|찾아보|려|구용",1
591,9241925,2008|년|도|일본|영화|핸섬|슈트|랑|기본|컨셉|이|똑같|네|.|..|시나리오|사|온|것|인지|?,0
592,8743031,저|는|일|점|입니다|.|제|가|본|드팔마|의|최악|의|영화|입니다,0
593,5992920,"황당|한|전개|,|답답|한|주인공|.|이런|게|진정한|일탈|인가|?",0
594,5968109,너무|하|네|영화|가|진짜|ㅋㅋ|ㅋㅋ|3|류|영화|보다|더|못|한|4|류영화,0
595,9327231,내|가|나서|도록|하|지|.|.,1
596,6568117,평점|내리|기,0
597,1616608,음악|이|압권|.|..|복고풍|효과음|이|가장|인상깊|은|.|.,1
598,3362189,어설프|게|저|수지|의|개|들|따라|하|기|.|.|그리고|홍석천|너무|안|무서움|.|.,0
599,10187452,2013|년|12|월|에|전역|했|는데|명절|특집|으로|티비|에서|반지|의|제왕|시리즈|모두|방영|했|을|때|가|있|는데|전대|대원|이|생활관|에|들어가|서|채널|을|통일|해서|본|기억|이|나|네,1
600,8747962,그냥|재|밋|게|보|면|좋|은|그런|영화,1
601,785941,이게|영화|냐|?|5|분|만|에|딴|거|돌려버렸|다,0
602,4195265,코미디|와|감동|^^|훈훈|한|영화,1
603,10062543,그래|돈|있|으면|변태|도|사랑|하|는|거|니|?|전|세계|된장|은|이맥|상통,0
604,7909078,죄|값|은|치뤄야|한다|.,1
605,8676723,스토리|도|스토리|지만|그래픽|이|좆|쩜|;;;,1
606,5833840,"진부|한|프랑스어|대사|,|특징|없|는|평이|한|캐릭터|.|관객|수준|에|미달|.",0
607,10219075,마음|이|따뜻|해|지|는|영화|!,1
608,10248737,미안|하|다|그리고|사랑|한다,0
609,7030456,헐,0
610,9673064,이렇게|재미있|는|영화|는|처음|임|!,1
611,8164131,평점|왜|높|은지|모르|겠|네요,0
612,8835670,평|덤|이|없|데|불|씽|하|게|내|가|달|아|줌,0
613,9563480,영화|참|예쁘|네요|열|글자,1
614,9735428,더|없이|소중|한|시|노래|진짜|좋|다,1
615,4938774,순수|함|이|그|자체|로서|만|머물|다|.|..,0
616,9503306,"차가운|감정|의|스릴러|!|연출|,|연기|,|각본|어느|하나|부족|함|이|없|는|영화",1
617,4168147,트라우마|에서|풀|어|주|긴|커녕|더|옥죄|는|느낌|이|다,0
618,5981651,아련|하|게|계속|해서|기억|이|나|네요,1
619,150372,나|두,1
620,9696714,한|다섯|번|은|본|영화|같|다|.|그만큼|재미있|다|.,1
621,693246,안|봐도|전혀|후회|없|을|영화,0
622,9652642,"기대|이하|.|..|cg|는|최고|수준|인데|,|스토리|제작|이|아쉽|습니다|.|계속|반복|해서|보|고|싶|은|영화|는|아닙니다|.",0
623,9939841,개|재미없|어요|최악|의|영화,0
624,8304895,2013|년|최고|의|전쟁|영화|임|.|...,1
625,9543652,내|가|본|영화|중|에|최고|로|재미없|네|.|.|참|무슨|내용|인지|어|이|가|없|다|라는|표현|이|딱|맞|을|듯|.|휴,0
626,9173488,잼|나|네|요|지금|봐도|추억|이|새록|새록,1
627,3848599,마지막|대사|가|인상|깊|다|.|Are|we|still|on|the|game|?,1
628,1676471,여성|이|면서|남성|의|고민|과|심리|를|섬세|하|게|표현|해|낸|감독|이|존경|스럽|다,1
629,3155773,정말|감동|적|.|......,1
630,10031997,기대|없이|봐서|그런가|전|넘|잼|있|게|잘|봤|어요|.|.|ㅎㅎㅎ,1
631,3669385,브리지스|'|만|'|눈|에|들어온다|!|나머진|정말|왜|이렇게|자신|을|낭비|하|는지|안타깝|다,0
632,9421614,쓰레기|영화|다|이게|어떻게|10|점|이|냐|?|?,0
633,7487919,감동|적|이|었|고|중간|중간|에|송중기|나오|는|거|너무|좋|아요|~`,1
634,5296902,난|좋|은데|ㅎㅎ,1
635,9910223,cg|티|가|나|는|게|당연|한|게|아니|다|에|추가|하|자면|같|은|시기|배트맨|비긴즈|도|등장|했|고|지금|봐도|전혀|어색|하|지|않|다,0
636,1453436,설|적|히|8|점|이상|인데|.|.-_-;,1
637,4276255,평온|하|면서|도|깊이|가|느껴|지|는|인상|적|인|영화|.,1
638,3399989,은근히|재밌|음|.,1
639,3181287,제목|은|뭘|의미|하|는지|?,0
640,9724462,알|바|들|은|가|라|~|평점|요령|평점|낮|은|순|부터|보|면|진짜|평점|내용|을|알|수|있|다,0
641,8940643,진짜|이상|한|영화|임|뭔|코스프레|함|?|???,0
642,9335844,"이|영화|의|모든|걸|이해|했|을|때|,|당신|의|팔|엔|닭살|이|돋|아|있|을|것|.",1
643,4474228,정말|성|의|없|는|영화|.|옛다|.|별|1|개|는|캐스팅|비|ㅌㅌ,0
644,1227000,눈|을|땔|수|없|는|그|무언가|.,1
645,7537173,너무|재밌|어요|~,1
646,7318177,지루|해|.|...,0
647,9468437,정말|인상|적|인|작품|이|다|.|.,1
648,6786739,야|이|빨갱이|들|아|거기|꼼짝|말|고|있|어|내|가|지금|전차|를|몰|고|가|서|머리통|을|다|날려|버리|갔|어,0
649,9420305,춤|의|화려|함|은|스텝업|이|더|화려|했|던|것|같|다|.|춤|은|기존|영화|보다|는|못하|지만|춤|대결|같|은|게|아닌|사랑|과|여러|스토리|가|섞여서|괜찮|았|던|듯|.|..|미국|에서|는|성적|이|어땠|는지|궁금|하|다|.,1
650,7012575,"관점|에|따라|다르|겠|지만|,|이렇게|평점|이|낮|은|건|이해|가|안|가|네요|.|.|저예산|특유|의|삘|은|많이|나|지만|,|감안|하|고|본다면|충분히|즐기|수|있|습|.|..|이|OO|감독|새꺄|.|..|잡히|면|니|곱창|을|끄집|어|내|동네|개|밥|으로|주|고|싶|다|.|..",1
651,7170471,"볼|만|했|다|,|나쁘|지|않|았|음|.",1
652,10270526,"""|어제|인가|?|""""|영화|가|좋|다|""""|프로그램|을|보|는데|소수|의견|잼|나|는데|대|기업|의|횡포|로|이|영화|가|묻혔|다고|하|던데|.|..|그런|논리|라면|이|세상|에|잘못|되|지|않|은|게|어디|있|단|말|인가|?|?|이|영화|자체|도|마찬가지|다|법정|드라마|라고|하|는데|현재|으|ㅜ리|나라|를|부정|하|는|영화|임|""",0
653,1957235,몇|번|본|웃긴|영화|~~|ㅋㅋ|ㅋㅋ|재밌|당|~,1
654,4717095,사람|들|이|실화|라고|추천|하|길래|봤|습니다|.|역시|대단|하|네요,1
655,4009165,최악,0
656,9929903,지루|하|고|늘어지|고|억지|스러움,0
657,6314208,헐리|웃|sf|액션|영화|로서|소명|을|다한다|.|1|편|과|다른|분위기|있|다,1
658,8564196,재밌|어요|.|다른|말|필요|없|구|.|.,1
659,5939062,칩|사마|돌아와요,1
660,5183247,참|.|.....|어설프|고|하찮|아|보이|는|영화,0
661,1652028,정신|이상|여성|을|여관방|에|가두|고|벗기|고|씻겨|재우|니|정신|이|돌아왔|다|.|.?,0
662,5149852,이거|한때|흑인|들|에게|비난|을|받|은|적|이|있|었|죠|.,1
663,10173337,이|정도|면|볼만|한영|홬ㅋㅋㅋ,1
664,7911086,내용|이|참|없|다|.,0
665,10003802,중독|이|될|법|한|요소|들|을|제대로|갖춘|영화|.|마른|가뭄|에|단비|가|내린|듯|하|다|.,1
666,6832623,재밌|던데|ㅋㅋㅋ,1
667,9422261,이런|명작|을|위해서|라면|오타쿠|로|오해|받|는|것|쯤|은|기|꺼|히|감수|할|수|있|다,1
668,2426180,이런|OOO|~~|이런|OOO|~~,0
669,7285881,막장|드라|따라|하|기|농촌|의정서|와|맞|지|않|다,0
670,7218797,으아|.|..|손발|이|없|어|진다|.|...|오글오글|.|..,0
671,10185349,아무리|사랑|이|라는|이름|으로|덮|어|봤|자|결국|현실|은|추행|.|.,0
672,2708181,완전|무|삭제|판|구해서|보|길|바래|ㅋㅋ,1
673,6033682,많이|부족|하|고|지루|하|다,0
674,6794510,난|이해|를|못|하|겠|다|.,0
675,7065833,"2000|년|대|초반|의|좋|은|영화|그렇|듯이|이|영화|또한|좋|다|!|스토리|,|배우|,|유머|까지|!|히스레져|가|왜|이|작품|을|선택|했|는지|알|수|있|을|거|같|다|!",1
676,8363008,마샬|아츠|액션|의|절대|쾌감|!|!|라스트|8|분|의|격|투신|은|두|고|두|고|회자|될|만|하|다|.,1
677,503077,귀신|이라도|안|나와서|다행|인데|다|들|그걸|연기|라고|들|하|냐고|!|ㅡㅡ|+,0
678,6822944,아|놔|결국|밝혀|질|꺼|면서|.|.|언제|까지|질질|끌|거|임|.|.,0
679,9472936,추억|이|새록새록|돋|게|해|주|네요|!|!!|다|좋|았|지만|카메라|가|너무|산만|하|게|안무|를|잘못|잡|아|줘서|1|점|뺐|습니다|ㅠㅠ|신화|팬|이|라면|후회|하|지|않|을|영화|꼭|보|세요|^^,1
680,1658121,진짜|이건|아니|지,0
681,8496952,난|드라마|진짜|안|보|는|사람|중|에|하난데|시간|없|어서|안|보|는|것|도|아니|고|걍|재미없|어서|.|.|근데|이건|볼|수|밖에|없|다|.|...|ㄹ|ㅇ진리,1
682,767730,영화|가|끝났어도|주인공|이|게이|라고|전혀|느껴|지|지|않|았|다|.,1
683,5733177,시간|낭비|.|.|뒤|에|는|좀|괜찮|겠|지|하|며|기대|하|며|봤|는데|뒤|는|더|허접|하|네요|!,0
684,9617257,초|고|퀄리티|의|제패|니|메이|션|의|정점|이란|.,1
685,9231973,생각|보다|별로|네요|!|그냥|배우|들|이|아깝|네요,0
686,1257120,한|번|쯤|상상|해|봤|던|.,1
687,8341640,뭔가|여운|이|남|는|영화|ㅋㅋ,1
688,7411656,어린|시절|에|대한|노스탤지아|.|..|아련|하|면서|순수|했|던|시절|이|그리워진다|.,1
689,3236882,정말|상상|을|초월|하|는|애|니|다|ㄷ|ㄷ|ㄷ|ㄷ|ㄷ|ㄷ,1
690,1296004,마지막|공익|요원|을|만들|어|주|세요|~~~,1
691,6715581,수업|시간|에|강의|용|으로|봤|는데|중국|근대사|에|대해서|잘|알|수|있|는|계기|가|되|어서|좋|았|음,1
692,5310634,ㅉㅉ|스탭|이|개|같|다던데|이|유리|랬|나|계|도|그렇|고|ㅋ,0
693,9659829,가장|판타지|스러운|모두|가|원|하|는|설정|의|만남|으로|가장|평범|하|게|사랑|에|빠지|는|과장|을|그려|낸|내|인생|영화,1
694,5156544,재미|있|습니다|.,1
695,5370458,애정|이|없|으면|이렇게|찍|을|수|없|다|.|우수|어린|작품|.,1
696,7521815,캐릭터|에|대한|이해|가|전혀|가질|않|아요|ㅡㅡ|;;|도대체|주인공|이|주인공|이|기|나|한|건지|.|.|남자|주인공|만|더럽|게|불쌍|하|고|남주|가|남|주로|보이|지|않|는|이유|는|작가|랑|제작진|이|자꾸|찌질|하|게|만들|어서|그런|듯|난|진짜|윤재|만|너무|불쌍|해|ㅠ|ㅠ|굴러온|돌|이|박힌|돌|빼|는|거|아냐,0
697,8695926,여기|10|점|준|사람|들|sm|알|바|임|?|??,0
698,1364870,평범|한|스토리|.|..|하지만|연출력|은|좋|았|다,0
699,8812771,재미없|게|시작|해서|쭈욱|상승|곡선|을|그리|며|재미있|게|봤|다|.|.|크크|킄거리며|웃음|지으며|시간|가|는|줄|몰랐|네|.|.|두|자매|를|보|면|서로|의|과거|미래|를|보여|주|는|게|아닐까|한다는|.|.,1
700,6027099,내|눈|이|이상|한|건가,0
701,3077237,배우|들|의|연기|와|뛰어난|각본|이|만들|어|낸|괜찮|은|영화|!|김선아|연기|가|최고|!|!,1
702,2792143,신선|하|고|멋진|이탈리아|영화|~!!,1
703,9198205,코믹|호러|용치|고|수작|인데|평점|너무|낮|다,1
704,6213369,답답|하|기|만|하|네요|.|..|사건|이|밝혀진다|싶|으면|무마|가|되|고|.|..,0
705,3581660,나|도|춤춘다,1
706,7107472,정말|영화|무섭|게|잘|만든|다|.|근데|거기|에|재미|까지|더|한다는|게|함정|.,1
707,6706585,"나|이거|보|면서|우주|에|대한|미스터리|에|발동|이|걸린|듯|.|..|ㅋㅋㅋ|나름|재밌|었|음|.|짠|하|기|도|하|고|,|웃기|기|도|함|.|.|ㅋㅋ",1
708,3126239,내|돈|내놔|OO|들|아|.,0
709,720862,마지막|에|어떻게|되|는|건지|모르|겠|음|마지막|이|영화|앞부분|에|비해|허무|함,0
710,9382875,이|영화|가|5|점|이|라면|어떤|영화|가|6|점|들|이상|을|받|는|거|지|?,1
711,9162502,베드로|께서|살|고자|3|번|예수|님|을|부인|하|셨|는데|.|..|선교|자|도|부인|하|고|성경|책|을|찢|었|으나|마지막|엔|하나님|부르|심|에|응답|을|받|고|여러|사람|을|구하|는|.|..|순교자|의|삶|을|살|고자|하|는|찬송|을|교회|에서|자주|부르|지만|정작|영화|와|같|은|상황|이|오|면|죽음|이|두려워|부인|하|겠|지,1
712,2954436,에릭로버츠|.|그|가|나왔|던|영화|중|에|'|폭주기관차|'|다음|으로|이|영화|에|높|은|점수|줌|.|.,1
713,9373218,조산|하|여|아기|를|인큐베이터|에|두|달|가량|입원|시켰|던|엄마|로써|광수|씨|의|아무렇|지|도|않|은|인큐베이터|얘기|에|아기|얼굴|을|보|면서|미안|한|마음|에|잠|을|이루|지|못하|겠|네요|.|.,0
714,7120257,중세|배경|오락|영화|.|그러나|불쾌|한|개연|성|.|히스레져|의|팬|이|기|에|+|1|점,0
715,7235717,정말|이런|거|딱|내스|타일|이|다|.|너무|재미있|다|.|ㅋㅋㅋ|.|유쾌|하|고|.|ㅋㅋ|ㅋㅋ|.|완전|좋|아|.|ㅎㅎㅎ,1
716,7561333,한석규|사랑|행,1
717,7754180,참신|할|것|없|는|오프닝|시퀀스|를|도와|주|는|잭|화이트|와|알리샤|키스|.|무조건|부수|기|만|한다고|해서|액션|은|아니|다|.|시간|지나|면|지날수록|<|카지노|로얄|>|의|에필로그|그|이상|그|이하|도|아니|다|.,0
718,8604700,고수|.|..|고수|.|..|차|강진|의|순애보|는|진짜|보|는|재미|ㅠㅠ|김수현|도|나오|고|송중기|도|나오|고|고수|아니|었|음|안|봤|을|.|..|되게|순식간|에|8|년|후|3|년|후|1|년|후|그래서|지루|한|감|이|없|지|않|았|던|.|..,1
719,3422976,여운|이|남|는|영화,1
720,9573595,타워|따위|보|다가|이거|보|니|정말|소름|돋|는다|화재|영화|의|정석|!|!,1
721,4757536,개지|루|함,0
722,3913955,밑|도|끝|도|없|고|.|..|회상|의|회상|의|회상|.|..|장난|하|나|?|...,0
723,4187940,앨빈|과|슈퍼밴드|따라한|거|임,0
724,7698878,1|편|도|진부|하|고|재미없|었|는데|2|편|이|라니|.|..|상업|적|으로|성공|했|다고|양심|을|속일|텐가|?|관객|들|의|수준|을|조롱|하|는|영화|.,0
725,6078793,재미있|더라구요|ㅎ|이제|본격|적|으로|!,1
726,1622439,눈물|난다|.|ㅜㅜ|다시|방영|해|줬|으면|좋|겠|다,1
727,7537771,마지막|황혼|을|웃|으면서|살|고|싶|다|.|~|어르신|들|께|박수|드리|고|싶|네요|.,1
728,6293136,참|프랑스|영화|는|울|나라|와|코드|가|안|맞|는|듯,0
729,9286597,감동|감동|의형제|란|이런|거|구나|.|...|마지막|장면|하|.|..,1
730,10113950,말|그대로|완벽|해요|가장|좋|아|하|는|영화|로|뽑혔|네요,1
731,9708556,오|헤|성|목소리|가|정말|최악|이|다|!|!,1
732,3963786,재미있|었|어요|정말,1
733,9748135,조승우|짱|짱짱|아직|안|봣|지만|꼭|볼께|요|사랑|해요,1
734,10276839,"전|도현|,|김남길|배우|님|을|비롯|한|조연|,|단역|배우|님|들|연기|잘|봤|습니다|.|이런|시나리오|를|택해서|영화|로|만들|어|주|신|감독|님|께|감사|합니다|.",1
735,10188297,내|가|주|는|1|점|은|절대|1|점|이|아니|다|!|!,0
736,8566780,그녀|는|전설|이|다|!|!!!,0
737,6162457,이건|해도|해도|너무|재미없|다,0
738,9792621,ㅅ|ㅂ|.|.|걸레|들|휴|.|..,0
739,3792221,"맹인|연기|는|별로|였|지만|,|그|밖|에|모든|것|은|아주|훌륭|한|영화|.|커플|이|넘|사랑|스럽|다",1
740,7085161,현실|과|동떨어진|한국|사람|바보|만들|고|.|..|조선족|미화|화|기|바쁜|쓰레기|영화|.|.|현실|과|반대|인|이런|재미|없|는|영화|는|좀|아닌|듯,0
741,9276283,유해진|은|좀|모자란|역|인가|?|?,0
742,10108181,유작|인데|웬|쓰레기|를|찍|은|거|냐|ㅡㅡ|;|난|귀신|이|걸레|로|환생|한|줄|알|았|는데|그|것|도|아니|었|고|의사|도|걸레|짓|하|다가|학생|때|애인|이|죽|어서|귀신|으로|나타난|건데|그|때|부터|존나|어설프|다|.|차라리|초반|산사태|로|죽|은|모자|는|그나마|괜찮|은|편|인데|노|잼|됨,0
743,9394286,2003|년|작|으로|괜찮|지만|11|년|이|지난|현재|보|기|에|는|너무|흔하|다,0
744,3453558,막장|의|최고봉|~~|갈수록|얽히|고|난리|법석,0
745,10263118,진짜|잼|있|음|.|다시|보|고|싶|어요|.|짱|.|짱|.,1
746,8649000,그냥|영화|라|긴|보단|춤|동영상,0
747,2614056,태사기|에|들인|제작비|를|차라리|대조영|에|투자|했|으면|!|!,0
748,8537335,소름|돋|는|영화|.|지금|까지|이렇게|재미없|는|영화|는|처음|이|였|음|완전|개|노|잼|1|점|아래|로|줄|수|있|으면|더|내리|고|싶|다,0
749,7971482,너무|감동|입니다|.|...|신념|.|.|의|지|.|..|그리고|사람|에|대한|믿음|.|..|너희|들|인생|에|지나온|수많|은|인생|의|무게|보다|역기|는|무겁|지|않|을|거|란|.|........|동메달|은|땄|다고|인생|까지|동메달|은|아니|라는|.|....|너무|잘|봤|습니다|.|.|이런|선생|님|이|되|고|싶|습니다|.|.,1
750,3713663,난|이거|볼|때|마다|웃겨|죽|겠|음|ㅋㅋㅋ|ㅋㅋㅋ|ㅋㅋㅋ|ㅋㅋㅋ|ㅋㅋ,1
751,4227589,"뭔가|.|..|그|뭔가|가|.|.|부족|햇|던|4|편|.|.|이제|5|,|6|볼|차례|인데|.|.|123|중|에서|젤|별로|엿|던|4",0
752,9942902,난|이때|까지|내|가|지구|에서|가장|멋있|는|남자|라|생각|해|왔|지만|맷데이먼|이|조금|더|멋있|다|.,1
753,2566793,잔잔|한|감동|.|^|ㅡ|^//|조티|포스터|님|의|순박|한|눈망울|에|빠져|들어갔|다|.,1
754,9788815,피나|의|작품|들|을|영상|으로|옮긴|것|만|으로|도|가치|가|있|다,1
755,8030055,짱|재|밋|어요|!|♥|차태현,1
756,3809606,좋|은|영화|였|어요|.|쿠바|음악|영화|라|기대|많이|했|는데|역시|기대|이상|이|었|습니다|.,1
757,10220568,솔직히|아들|이|해|낸|건|하나|도|없|다|~|아버지|만|X|나|개고생|한|실화|네|~,0
758,9080485,무협|개그|.|쫒기|듯|휙|보|다|.,0
759,9809660,공감대|라곤|찾아볼|수|없|는|쓰레기|영화|.|타고난|능력|만|있|지|인격|은|쓰레기|인|주인공|.|가치|있|는|일|을|몰라보|고|청소부|나|벽돌공|이나|모두|귀한|일|이|라며|개소리|짓|걸이|는|멍청|한|놈|.|그런|건|아이큐|두|자리|간신히|넘|는|나|도|알|어|.,0
760,8409230,"하아|.|,.,.,.,",0
761,10237507,"어디|에|있|던지|,|언제|까지|나|,|계속|계속|,|계속|~",1
762,5857754,한예슬|과|박한별|은|역시|국민|여배우|다|.|너무|멋진|훈|녀|들|이|다|.,1
763,8519922,"오래|되|고|오래|되|어|보이|는|영화|지만|좋|은|스토리|,|연기|,|장면|,|대사|로|명화|라|할|만|함",1
764,7528134,이거|내|가|어릴|때|보|던|거|다|ㅠㅠㅠㅠㅠㅠㅠㅠ아휴반가와라|맨날|비디오|가|게|가|면|항상|이거|골랐|는데,1
765,6230716,마약|을|팔|아서|행복|해진|남녀|를|다룬|영화,0
766,9681153,두고두고|보|고|또|봐도|재|밋|는|영화|.|.|주변|사람|들|이|재|밋|고|괜찮|은|영화|소개|해|달|라고|하|면|전|무조건|이|영화|1|순위|ㅋㅋㅋ,1
767,10055146,영화|제목|과|평점|을|보|고|의아|해|했으나|.|..|감독|을|보|고|는|납득|을|해|버렸|다|.,0
768,7466780,이런|저질|드라마|도|평가|가|필요|한가|?|시청자|무시|하|기|농락|하|기|우습|게|알|기|도대체|뭘|보|고|시청|율|이|높|다고|하|는|건지|.|..|이렇게|글|올라와서|?|이런|것|도|관심|이|라고|좋|아|죽|겠|지|!|!!|괘씸|한|mbc|여긴|0|점|도|안|되|네|.|..|1|점|은|이|글|을|올리|기|위해서|준다,0
769,3822567,300|명|만|채우|면|랭킹|다섯|손가락|안|에|든다|.|..,1
770,7858751,재미|가|없|다,0
771,7276702,배꼽|을|마추|어|가족|의|재탄생|을|만들|다|.,0
772,4067725,2|년|전|에|불미|스런|사건|있|었|던|감독|님|지금|은|뭐|하|시|나요|.|.,0
773,7257417,별론데|?,0
774,9742360,담담|한|그림|체|속|에|질풍노도|를|넘어서|는|방황|이|있|네|.|좋|은|작품|이|다|.,1
775,6825032,병|.|..|같|다,0
776,8624345,이런|영화|를|위한|장르|명|을|새로|하|나|지|어|줘야|한다|.|죄|와|벌|.|만든|사람|은|벌|을|받|아야|함|.|이걸|보|는|니|차라리|귀여니|소설|을|목욕|재개|하|고|정좌|세로|정독|을|하|겠|어요|.|보|는|내내|내|가|전생|에|무슨|죄|를|지|었|길래|이딴|걸|보|는데|시간|을|써야|하나|?|싶|었|다,0
777,6069190,"유치|하|고|,|현실|감|없|는|전개|에|더불|어|떨어지|는|연기력|과|어이없|는|음악|배경|.|0|점|주기|없|나",0
778,7576741,원작|의|아즈미|에|비해|우에토|아야|의|아즈미|는|연기|와|액션|이|심하|게|부족|하|다|.|코스튬|만|완벽|함,0
779,5483892,꼭|이런|영화|에|강간|장면|드러가|더라|사실|을|기반|으로|만들|어|진|영화|라지만|좀|.|...,0
780,674050,마음|에|와|닿|았|던|.|너무|좋|았|다,1
781,9893387,애니|의|발끝|에|도|못|미침,0
782,4800054,억지웃음|짜증|난다,0
783,7098742,할|말|이|없|다|.|.,0
784,9243879,모탈|컴뱃|을|인상|깊|게|플|래이|한|고어|매니아|마이클베이|의|욕구|를|로봇|으로|표현|한|영화|.|그|이상|도|이하|도|아님|.,0
785,2813790,나|이런|거|좋|아|해|ㅋㅋㅋ|재밌|음|~~,1
786,8107549,화이트|고릴라|가|마치|제|친구|를|닮|아서|더|기억|에|남|아요|홍주|야|잘|사|니|?|?,1
787,4988079,첫|장면|부터|몰아치|는|게|장난|이|아니|다|!,1
788,10275797,스리|넘치|는|영화|~~|너무|재미있|게|봤|어요,1
789,8378408,안|봣는데|1|점|이나|준다,0
790,8644887,매|누님|덕|에|10|점|준다|.,1
791,8157119,와|~~^^|새록새록|하|네|~~|이거|대전|은|행동|으|능정|이|거리|에서|촬영|할|때|.|.|최재성|.|김소명|.|김철수|싸인|받|았었|는데|~!!|ㅎㅎㅎ|김소명|씨|선물|도|주|고|~|지금|머|하고|살|려나|~^^;;;,1
792,10126732,개연|성|이|없|다는|걸|.|..|감독|은|모를까|?|?|정말|몰라서|이렇게|만든|건가|?|?|어떤|느낌|인지|는|대충|알|겠|는데|.|..|정말|재미없|음|.|.,0
793,8929112,효주|가|좋|아서|계속|보|게|되|었|지만|효주|가|아직|어려서|밋밋|하|고|푸풋|함,1
794,7479673,"재미없|다|.|중간|에|인도|영화|특유|의|잡다|한|노래|도|별로|고|,|결정|적|으로|여주인공|눈코|입|이|심하|게|몰렸|다|.|마지막|에|여주인공|친구|.|..|ㅋㅋ|아직|인도|영화|는|멀|었|다|.",0
795,9206522,감동|입니다|.|고귀|한|선택|과|수고|가|결코|헛되|지|않|음|을|깨닫|게|되|는|영화|~,1
796,7172791,와|놀랍|다|이런|막장|영화|가|한국|에|도|나오|는구나|;;|이건|뭐|재미|도|없|고|감동|도|없|고|현대|의|성문화|를|비판|했|다고|하|기|에|는|너무|심했|다|.,0
797,9426514,왜|사람|들|이|별|한|개|도|아깝|다고|난리|를|치|는지|보|면서|참|많|~~~~|이|느꼈|다|.|이|뭔|그지|쓰레기|같|은|영화|냐|ㅋㅋㅋ|비|키|의|베드|씬|때문|에|별|한|개|준다|.|줄|수|있|는|최소|가|1|개|긴|하|지만|ㅋㅋ|ㅋㅋ,0
798,10273148,아들|때문|에|보|러|갔|는데|~|제|가|더|즐겨서|본|것|같|아오|ㅡ|정말|강추|!|!,1
799,8729178,아이|싱거|워라|.|..|ㅠㅠ,0
800,941307,최악|-_-|왜|만든|거|야|.|.,0
801,9122423,"볼수록|열받|네요|.|..|이화영|진짜|바닥|이|네요|.|.|낳|았|다고|다|엄마|아닌|것|같|아요|.|..|불쌍|한|건|아이|뿐|인듯|.|..|아이|한테|사랑|으로|다가가|는|게|아니|라|언어폭력|쓰|는|것|같|아요|.|,|완전|열받|음|^~",0
802,9373791,같이|늙|어|가|는구먼|.|...|세월|이|많이|지났|네|.|..^^,1
803,7897052,"답답|하|고|열불|터지|는|영화|.|보|다가|끄|려고|한게|몇|번|인지|모르|겠|다|.|시간|완전|버렸|음|.|이렇게|산만|하|고|복장|터지|는|영화|는|처음|이|다|.|내|생애|최악|의|영화|.|아|,|2006|년|본|'|구세주|'|다음|으로|최악|임|^^",0
804,6378817,감동|있|게|봤|고|항상|우리|옆|의|현실|과|맞|는|게|많이|있|죠|!|!!!,1
805,9581869,진짜|짱|인듯|!|!|하지원|너무|좋|아요|연기|도|잘|하|고|.|..|별|이|부족|합니다|!|!,1
806,7470982,이딴|영화|를|돈|주|고|보|다니|.|..;|dvd|로|봤|지만|돈|너무|아깝|다|;;,0
807,7743931,파이트|클럽|짭,0
808,8920777,사랑|스러워|주르르|ㅠㅠ,1
809,7074926,난|너무|재미있|게|봤|다|.|너무너무|멋있|는|엘|!,1
810,4618877,1|점|은|대체|먼|가요|.|.|어렸|을|때|재밌|게|보|고|지금|이러|지|맙시다|.|.|.,1
811,9661439,내|삶|을|생각|하|는|영화|였|습니다,1
812,4730310,"풋볼|은|인생|의|축소판|,|10|년|이|지나|도|촌스럽|지|않|다|.",1
813,4730754,완전|대박|감동|의|눈물|을|선사|하|는|영화|라|볼|수|있|습니다|.|후|회안|함|!|!|대박|!|!,1
814,7959468,돈|뿐|만|아니|라|시간|까지|앗|아|가|는|괴물|김해곤|감독|이|라는|악몽|을|남겨준|그|무엇|영화|가|아니|며|장난|도|아니|며|아무것|도|아니|다|.|법|적|으로|금지|시켜야|한다,0
815,5559586,"악의|만|가득|찬|,|반전|이|난무|하|는|영화",0
816,6715281,아직|까지|기억|에|남|는|드라마,1
817,3547910,"액션|도|빵점|.|내용|도|빵점|.|캣우먼|,|데어데블|이|위대|하|게|보일|정도|다|.|.",0
818,7352656,감동|힐링|의|영화,1
819,8769737,고군분투|하|며|살아가|는|하루|속|에서|느끼|는|소소|한|감동|과|즐거움|영애|씨|너무|좋|다는|^^|먼가|리얼|리틱|하고|친근|해|~~,1
820,2087899,ㅋㅋ|마이크|엄청|잘|생겼|어|그냥|이|영화|생긴|것|처럼|해서|살|아|랔ㅋ,1
821,9090821,원작|을|파|.|괴|.|한|.|다,0
822,3800975,영화|보다|한참|못|하|다|.|같|은|감독|의|연출|인데|도|그렇|다|.,0
823,5113633,간간히|보이|는|십|점|들|은|.|..|.|....|정신|상태|가|의심|스러운데|.,1
824,5144981,원작|이|너무|거대|했|다|.|하지만|잘|만들|려는|노력|은|안|보였|다|.,0
825,6060641,여배우|가|이쁘|고|게리올드만|이|나와서|별|반개,0
826,7912414,이|영화|어렸|을|때|봤었|는데|지금|도|한|번|보|고|싶|어|지|는|영화,1
827,8363120,다|그런다는|식|으로|방송|하|는|데|정확|한|정보|부탁|드립니다|참고|로|저|는|사업자|아님|.|..,0
828,1068320,토요|명화|로|보|던|날|생각나|네요|.|가슴|이|뻥|~|뚫려|요|~^^*,1
829,2873357,다큐멘터리|에서|이런|감동|을|느낄|줄|은|.|.,1
830,9931320,이런|연예인|더빙|작품|은|청각|장애|인|집단|애니플러스|가|좋|아|합니다|.|차라리|더|빙|법제|화|해서|자막|동시|방영|(|그것|때문|에|성|우분|들|의|일자리|를|잃|게|만|듬|)|이나|그리고|연예인|더빙|을|금지|시켰으면|좋|겠|다고|생각|됩니다|.,0
831,2032140,"귀여운|레기나|,|듬직|한|오부아|그림|같|지만|잔혹|한|현실|의|아프리카",1
832,4533696,이렇게|베베|꼬|아|놓|아도|됩니까|?,0
833,10046402,너무|현실|적|이|라|무섭|다,1
834,9607187,27|살|을|뛰어넘|은|변태|적|사랑|!|그|주인공|이|?,0
835,526323,노튼|의|연기력|최고|/|..|영화|는|8|점|정도,1
836,7332416,첫|장면|도|재|밋,1
837,8769554,쓰레기|막장|의|끝판|.|..|그동안|가볍|고|편안|하|게|봤|는데|.|..|내|가|다시|보|면|성|을|간다|.|..|끝|.|..~~~,0
838,8828203,1|보다|더|재밌|고|3|보다|더|완성|도|있|다|.,1
839,2654231,제발|영화|수준|좀|높이|자|.|.,0
840,9413788,시간|가|는|줄|모르|겠|네|존|잼,1
841,9413370,"300|+|스파르타쿠스|+|삼손|.|..|죄다|어디|서|다|본|듯|한|것|들|의|모음|.|.|듣보잡|감독|인가|했|는데|,|레니|할린|의|작품|이|라니|;;;|제일|놀라운|부분|이|었|습니다|.",0
842,6932172,엄정화|이젠|아줌마|느낌|이|네요|.|싫|어|하|진|않|지만|이젠|벗|는|연기|도|좀|부담|스럽|네요|.|앞|으로|자제|좀|했|음|좋|겠|어요|.,0
843,6702277,픕|다큐멘터리|.|..,0
844,7489456,최고,1
845,8691434,배우|들|연기|도|OO|인|데|다가|감독|까지,0
846,6194341,마지막|에|제작비|가|떨어져|촬영|접|는|감독|의|분노|인가|?|차|를|들|어서|던져|버리|네|.|.,0
847,7092470,미스터|빈|과|유쾌|한|여행|을|같이|하|고|온|느낌|(|?|)|입니다|ㅎㅎ,1
848,6875444,시즌|4|도|.|.|ㅠ,1
849,54873,정말|어설프|다|~|정말|잼|없|다|~|정말|짱|난다|~|ㅡ|0|ㅡ,0
850,8598012,내용|과|는|별개|로|순수|하|고|해맑|은|정신|의|감독|이|제작|한|거|같|다|.|다음|작|이|기다려져,0
851,1623157,시체|만|멋지|다|.|.|맥빠지|는|스토리|의|영화|.|.,0
852,9629024,가나|다라마|바사|아자|차,1
853,129312,우마|써|먼|의|매력|이|물씬|!|!,1
854,8919946,언제|쯤|재미|있|어|지|려나|하|면서|2|박|3|일|본|영화|~~~!!|이런|된장|!,0
855,6732332,최고,1
856,9869884,재미없|을|것|같|아서|1|점,0
857,8967909,조폭|살인범|형사|놈|들|나오|는|영화|는|예전|이나|지금|이나|한국|영화|단골손님|들|이|구만|ㅉㅉㅉ,0
858,8029493,Good|touching,1
859,794483,이지스|함|나온|데|서|걍|봤|더만|더|락|하|고|언더|시즈|짝퉁|이|네|ㅋㅋ,0
860,8148488,"기대|하|지|않|고|봤|는데|도|기대|이하|다|.|의미|부여|하|며|30|분|정도|는|본|것|같|은데|그|이상|으로|는|못하|겠|다|.|기획|의도|를|잘|표현|하|지|못한|건지|,|영화|는|정말|지루|했|다|.",0
861,9811006,일본|은|한국|전쟁|에|참전|한|적|도|없|고|2|차|세계|대전|이후|완전|패망|했|다가|한국|전쟁|때|군|수업|으로|엄청난|부|를|축적|그때|우리나라|로|군수|물자|를|수송|했|던|배|우리나라|의|아픔|을|통해|이윤|을|추구|했|던|그|배|가|주인공|아버지|가|죽|었|다는|군수|선|이|다,0
862,793147,"방황|의|시간|,|극복|의|시간|,|사랑|의|시간|,|집시|의|시간",1
863,5190452,단|한|번|도|눈|을|뗀|적|이|없|는|몰입|감|좋|은|영화,1
864,3374304,감독|은|천재|이|거나|혹은|쓰레기|이거|나|.|.,1
865,2484189,어쩌|자는|거|야,0
866,9761708,마음|아련|하|네요|.|.|기억|에|남|는|영화,1
867,8110756,좋|아|했|던|만환|데|영화|로|도|메인|에피소드|잘|옮겼|네,1
868,8153532,느그|아버지|뭐|하시노|사람|이|사람|을|죽이|는데|이유|가|있|나|흑|돼지|~|뚝|베|기|~|좋|아|가|는|거|야|~|브라더|혼자|왔어요|못한다,1
869,6964241,걍|킬링|타임|으로|보|는|게|.|....,0
870,3518279,재|밋|는데요|ㅎㅎㅎ|ㅎㅎㅎ,1
871,5058363,별루|네,0
872,5854399,소재|는|좋|은데|전혀|못|살렸|다|.,0
873,637687,1|점|!,0
874,4367715,"이토록|평점|이|높|은데|,|왜|난|별|한|개|도|아까|울|까|?",0
875,3487439,스토리|도|이해|가|안|될|뿐|더러|어느|부분|이|중요|한|부분|인지|도|모르|겟|다,0
876,10141158,너무|아름다운|영화|.|많|은|생각|을|하|게|해|주|네요,1
877,10047997,남|의|일|이|아닙니다|.|공권력|도|아무|때|나|투입|하|면|안|됩니다|.|서민|들|을|위한|나라|가|되|어야|합니다|.|우리|나라|의|서글픈|현실|.|..|훌륭|한|영화|를|만들|어|주|셔서|감사|합니다|.|노동자|들|을|대변|하|는|이러|한|영화|가|많이|만들|어|져야|합니다,1
878,9879873,"평점|이|너무|높|아서|의심|했|는데|,|충분히|9|점|대|평점|을|받|을|만|한|영화|.|그냥|아무|말|필요|없이|최고|다",1
879,7534286,별점|10|점|도|아깝|지|않|습니다|.|어제|이동욱|씨|열연|에|감동|했었|는데|더|사랑|받|았|으면|좋|겠|습니다,1
880,9756756,그|는|그렇게|가스레인지|가|되|었|다|.,0
881,9920027,최고|의|영화|최고|의|퀄|반드시|봐라,1
882,5735578,저|감독|.|.|유명|한|데|볼|만|합니다|.|.,1
883,3781514,매력|이|없|고|그저|킬링|타임|용|으로|도|친|대도|그저|지루|하|다|.|알|바|의|엉덩이|만|볼|만|함,0
884,8619237,찰나|일지라도|최고|의|요리|로|마음|의|평화|와|인생|의|행복|을|느끼|게|해|주|는,1
885,1778081,조|낸|속|았|네|구리|다|의|극치|조|낸|유치,0
886,7542553,"애니|로|만|봤|을|때|처음|에|의문|을|가진|점|이|있|었|다|.|후미토|이|남자|,|도대체|무엇|인가|?|극장판|으로|보|았|을|때|비로소|모든|의문|이|풀렸|다|.|목적|을|이룬|사|야|,|이젠|어떻|게|할|것|인가|?|극장판|2|를|기대|해본다|.",1
887,8716955,이스트우드|굿|!|멋진데|!,1
888,9176619,도저히|99|년|작품|이|라|믿겨|지|지|가|않|는다|.|.|상어|영화|중|갑|이|다|.|.|최고|다|쿨|제|이형|까지|ㅋㅋ,1
889,2680951,천사|가|아니|었|을까|.|.,1
890,6150533,여러모로|소름|돋|으면서|봤|다|.|..,1
891,598901,엄청|재|밋|어,1
892,8177256,착하|고|따스|한|느낌|이|나|는|.|..,1
893,7800175,근래|스타뎀|형|님|영화|중|엔|최고|.|.,1
894,953430,태권|V|30|년|을|맞이|하|여|4|점|씩|을|준비|해야|합니다|.,1
895,9832405,10|여|년|전|헐크|를|처음|봤|을|때|는|그다지|큰|재미|를|못|느꼈|지만|몇|일전|다시|봤|더니|인크레더블|보다|더|재밌|다|.|다만|처음|개봉|당시|엔|시대|를|너무|앞서|나간|듯|해서|아쉽|긴|하|다|.|인크레더블|의|라스트|씬|과|헐크|1|의|전체|적|인|내용|이|합쳐|졌으면|대박|쳤|을|듯|.,1
896,5386796,애|도|어른|도|무럭무럭|자라나|는|성장|드라마,1
897,8187805,.??|1|은|그래도|어느|정도|이슈|라도|됐|지|.|...|2|는|.|...|이해|하|기|도|어려운|영화|.|...,0
898,97077,지네|멋대로|영화|하|지만|장백지|가|이뻐서|3|점|~,0
899,9817972,펑펑|울|었|다|.|영화|로|만|봐라|제발|여기|서|도|일본|이|어쩌|니|마|니|궁상맞|은|소리|하|지|말|고|.|순수|하|게|두|남매|만|봐라,1
900,9541889,지금|이|시대|에|저런|영화|를|만들수|나|있|을까|?,1
901,10114191,진짜|극장|에서|보|니|의외|로|재미있|네요,1
902,7273514,미친|이게|무슨|영화|야|이해|도|안|되|고|급작|스럽|게|엔딩,0
903,9762546,참|잘|만든|영화|다|.|~~♡♡,1
904,9848104,"1|편|이|가장|완성|도|있|고|2|편|3|편|도|만화|원작|이|라는|제약|과|한계|를|딛|고|괜찮|았|다고|생각|.|하지만|방대|한|내용|을|3|편|에|담|다|보|니|아쉬운|부분|이|있|음|.|차라리|시간|을|10|분|~|15|분|늘려|우스|이나|안지|,|아|오시|의|비중|을|늘려|하|지|않|았|을까",1
905,9047089,무언가|신선|해|보임|지상파|보다|케이블|께|더|재미있|는|듯,1
906,3042834,기본|적|으로|시나리오|가|꽝|.|..,0
907,8940738,너무|좋|아|.|...|꼭|봐|그리고|남자|가|사랑|할|때|도|봐|꼭|봐|재밌|어,1
908,5319597,증인|보호|프로그램|의|끝판|대장|!|!,1
909,3756469,수잔서랜든|매력|있|네|.|거기|에|팀|로|빈슨|이|반했|겠|지|.|.|영화|는|별로|.,0
910,10260463,"희석|되|지|못한|상처|를|안|고|사|는|존재|들|에게|있|어|,|세상|에|들리|는|수많|은|말|과|소리|들|은|어쩌면|이|영화|처럼|아무|의미|없|는|무음|의|연속|과|도|같|은|것|일지도|.|그|무|의미|한|소리|와|삶|속|에서|다시|의미|를|찾|을|수|있|는|길|은|무엇|일까",1
911,8192722,가레스베일|.|...|이|아니|군|.|.,1
912,4398994,노무|노무|잘|만들|어서|눈물|이나|네|진짜|노무|노무|감동|이|여서|영혼|이|빠져|나간다|흑흑흑흑|ㅋㅋㅋ,1
913,5870771,신고,1
914,8307400,너무|재미없|음|ㅡㅡ|이거|보|지|마|셈,0
915,7669528,불|륜|드라마|ㅡㅡ|하|다|못해|쌍둥이|자매|불륜|이|냐|아|진짜|더러워서|안|봄,0
916,9880471,장난|하|냐|?|송강호|라서|5|점|이|라도|준거|지|?|?,0
917,6336520,이상|한|전개|에|대한|강한|자신감,0
918,4931598,인생|에서|보|고|죽|어야지|안|보|고|죽|으면|억울|할|것|같|은|작품|중|하나,1
919,9502815,기대|이상|의|드라마|.|..|마음|을|울리|는|대사|들|이|좋|아요|.|...,1
920,7380101,최악|의|막장|시나리오|.|.|현실|감|이|너무|없|는|듯|.|.|빨리|종영|시키|고|다른|드라마|했|으면|좋|겠|다|.|.,0
921,4860531,재즈|음악|이|너무|좋|다,1
922,9790415,맨날|엄마|밉|다고|징징대|는|김기덕|.,0
923,7912111,토|요명|환가|로|봤|던|기억|.|십|여|년|이|지났|음|에|도|내용|이|대부분|기억난다|.|그|정도|의|임팩트|.|명작|임|.|ㅎㅎ,1
924,7476802,별|1|개|도|주|기|아깝|다|여자|애|한|명|을|두|고|남자|둘|의|싸움|내용|임|그냥|소설|다운|내용|이|라고|할까나,0
925,10258293,한|번|보|러|가|세요|추천|합니다,1
926,7637956,"""""""|그래서|뭐|?|""""|01|년|기준|으로|화려|했|겠|지만|아무런|결론|도|없|는|지루|한|스토리|""",0
927,8852540,별|하나|도|아깝|다|쓰레기,0
928,6988139,티비|에서|하|길래|봤|는데|OO|재|밌자나ㅠㅠㅠ|난|진짜|평점|땜|에|놓친|영화|개|많|은|듯|.|..|평점|구려|서|안|보|다가|나중|에|티비|나|다운|받|아|보|면|개|재미,1
929,4993779,스토리|가|전혀|없|다|.|정말|액션|만|.|..,0
930,6228497,평점|이|이렇|게|까지|낮|을|필요|까진|없|을|것|같|은데|.|..|영상|도|너무|이쁘|고|온주완|도|귀엽|고|.,1
931,7978529,이|르미|~|여단|분량|원|하|시|는|분|들|만|보|면|됨|.|스토리|도|연출|도|진행|도|하나같이|거지|같|고|기승|전병|임|.|원작|후광|으로|겨우|이|정도|평점|인듯|.|그냥|총체|적|난국|에|가|면|갈수록|심|란|.,0
932,7080663,최고|!|!!|다만|진|켈리|의|느끼|함|은|좀|거북|스러움,1
933,9514819,2|편|까진|진짜|볼|만한데|.|..,1
934,9845315,난|이게|인셉션|보다|재|밋|음,1
935,7306161,평점|쓰|는|시간|이|아까운|영화|.|.|대체|아무리|3|년|전|영화|라고|해도|이다지|식상|할|수|가|있|지|?|???,0
936,3945759,왜|외국|가|서|많|은|돈|을|써|가|며|이렇게|지루|하|고|무|의미|한|영화|를|찍|어|오|는지|.|..,0
937,9722168,송승헌|.|.|침|좀|뱉|는구나,0
938,4513630,역시|황정리|재|밋|다|~,1
939,6130904,지금|당신|옆|에|마지막|을|함께|할|사람|이|있|습니까|?,1
940,10246444,다|죽|는다|~|으하하|핫|ㅇㅇ,1
941,9295014,내|눈|이|썩|어|가|고|있|다|~~~~,0
942,3805543,핫산|의|마음|에|너무|큰|감동|을|느꼈|습니다,1
943,1172068,"액션|만|본다고|쳐도|,|내용|이|너무|황당|+|무|재미",0
944,10236951,감동|은|있|지만|정말|지루|한|영화,0
945,1592910,감독|은|소설|을|거의|이해|하|지|못하|고|있|다|.,0
946,3760851,손|에|넣|을|수|있|을|법|한|토끼|대부분|을|놓쳤|다|.,0
947,5655472,"이|솝|우화|'|해|님|과|바람|'|을|잘|승화|시킨|드라마|.|..|반짝반짝|해|님|,|종로|백곰|무장|해재|시키|다|~",1
948,4115030,별로|.|.,0
949,4026685,너무|심심|해,0
950,2537709,퀸라티파|비호|감|꺼져|.|..,0
951,10059658,이거|재밌|다는|사람|은|스릴러|처음|봤|음|?|너무|엉성|한|시나리오|.|맥|빠지|는|연출력|.|개연|성|없|는|전후|관계|.|시간|정말|아까움|.,0
952,298858,굿,1
953,8647492,기대|안|하|고|봤|는데|재밌|음,1
954,10042871,불륜|과|난잡|한|관계|를|정당|하|고|아름답|다고|미|화|시키|는|영화,0
955,5991786,좋|은|내용|이|네요|^^,1
956,3334104,어랏|?|누가|삭제|하|네|ㅡㅡ,0
957,2773577,먼가|이런|영화|징그럽|다|하|면서|보|게|되|는|.|....,1
958,1185764,어릴|때|보|고|빠져든|만화|난|재밌|던데|?,1
959,3860198,으휴|이것|도|영화|라고|만들|었|냐|.|.|로맨틱|영화|팬|인데|이건|아니|다,0
960,9291207,억지로|눈물|을|자아내|지|않|고|찡|한|감동|을|주|는|영화|여서|좋|았|다|.|..,1
961,9966315,원작|이|진리|다|.|...,0
962,2546306,비글로우|감독|은|천재|.,1
963,244144,애잔|한|.|..,1
964,9271107,전편|을|대여섯|번|돌려|봤|다|.|..|최고|의|드라마|중|하나|였|음|.|...,1
965,6291948,솔직히|여선생|이|그렇게|승부|에|자기|몸|을|걸어서|까지|해야|했|는가|.|게다가|아이|들,0
966,10255920,내|인생|초|ㅟ고의영화|터미네이터|2|를|최고|영화|라|생각|했|다|하|지만|아니|였|다|신세계|가|최고|로|바꼈|다|무조건|봐라,1
967,9635931,별점|이|아깝|네요|연예인|하|기|전|에|인성|부터|고치|길|바랍니다|.|.,0
968,9870162,확실히|어벤저스|2|보다|재밌|네요|영상미|도|좋|고|위트|도와|감동|있|었|고|프랑스|영화|인데|도|전혀|거부|감|느껴|지|지|않|았|네요,1
969,9876976,이|영화|보고|아내|와|싸웠|습니다|.|..,0
970,291138,100|점|!|!,1
971,1490404,신선|한|버디|무비,1
972,8459618,별점|1|개|갯|수|를|보|면|정말|이|영화|는|망했|다|.,0
973,3413470,멋지|다는|말|밖에|는|!|이렇게|평온|할|수|가|!,1
974,7202237,1|점|이상|준|OO|들|은|뭐|냐|ㅋㅋㅋ|ㅋㅋㅋ|ㅋㅋㅋ|저걸|보|고|점수|를|주|고|싶|냐,0
975,7300391,ㅋㅋㅋ|ㅋㅋㅋ|ㅋㅋㅋ|ㅋㅋㅋ|ㅋㅋㅋ,1
976,2092525,아|안|볼|라다|가|제니퍼러프|휴잇|때문|에|봤|는데|영화|참|.|.|시간|아까워,0
977,2503383,공룡|쭈쭈|보다|공룡|은|더|나|은데|그|세도|역시|삼류|!,0
978,6519855,잔잔|하|고|여운|이|있|다|무겁|진|않|은데|가슴|을|울린다|.|좋|은|영화|다,1
979,4520363,"주성치|나오|는|줄|알|고|언제|나오|나|기다렸|었|다|.|흠|젠장|.|ㅡ|,|.|ㅡ|;;;",0
980,8113739,이거|뭐|지|.|...|난|남|들|눈치|때문|에|아|는|척|!|하|진|못하|겠|다|.|..,0
981,9731144,여자|애|진짜|나쁨|.|.|얄밉|.|..|사람|이|안|좋|아|보이|면|다|안|좋|아|보인다는|게|트루|였|음,1
982,8377466,더|지니어스|표절|의|법칙,0
983,9293632,그|정도|결말|을|위해|그|만큼|의|지루|함|과|불|친절|함|을|감내|해야|했|냐|.|..|0|.|3|프로|정도|의|담백|함|이|없|진|않|았|다|.|영화|를|정말|재미없|게|만들|줄|아|는|감독|.|연출력|이|80|년|대|국산|방화|수준|.|.,0
984,9070632,버즈|와|우디|의|다툼|과|결국|은|해내|는|최고|의|주인공|최고|의|영화,1
985,6776295,sm|세뇌|독재|영화,0
986,8845615,이|영화|는|뭐|냐|.|이미|월드|워|가|나와|가지|고|재미없|을|거|같|음|.|.,0
987,2694891,10|점|짜리|낚시질|?|???,0
988,9345431,봐도|봐도|재|밋|는|게|원피스|닷,1
989,9129975,THE|LIGHT|SHINES|IN|THE|DARKNESSAND|THE|DARKNESS|CAN|NEVER|EXTINGUISH|IT|JOHN|1|:|5,1
990,4025569,솔직히|별로|.|..|뭔가|내용|의|주제|가|.|..;;,0
991,9694540,오프닝|이|라도|swat|들|하이|바|에|장착|된|카메라|로|1|인칭|시점|연출|했|으면|했|는데|.|..|그리고|전개|가|지루|하|고|갑자기|기생충|은|뭐|.|..|어찌|보|면|3|편|이|낫|습니다,0
992,6148516,무지|한|시대|앤|그나마|먹혔|던|.|..,0
993,10153323,돈|들|인|거|에|비해서|너무나|도|볼|게|없|다|.,0
994,1554053,오래|된|영화|지만|어렸|을|때|꽤|나|재미있|게|봤었|다|.|.,1
995,5612311,"베이컨|시|,|더|로드|,|아이덴티티|,|왼쪽|마지막|집|등|의|반열|에|올라가|는|수작",1
996,6576041,재미|는|없|다|.|.,0
997,7658423,가슴|따뜻|해|지|는|드라마|네요|단막극|이|많|아|지|면|좋|겠|다는|생각|을|했|네요|사실|기광|이|볼려고|보|긴|했|지만|연기|도|잘|했|고|내용|도|좋|았|고|더불|어|단막극|의|좋|은|점|도|느꼈|어요|드라마|스페셜|화이팅,1
998,8881941,내|가|이런|말|할|줄|은|.|.|알바|별점|조|작단|들|.|.|액션|장면|장면|만|따지|면|평타|인데|전체|적|으로|본다면|.|.|지루|하|고|의문|투성이|.|.|가장|큰|의문|은|아이|가|우사인|볼트|인가|한|번|을|앉|잡|힘|.|..,0
999,8882261,내|가|꼽|는|최고|의|드라마|!,1
