id,document,label
5910242,참............답없는 영화 한편 추가요!!!!영화 참 자~~알만드셨네요,1
7436370,굿,1
8111303,주변에 적은 만들지 말자라는 교훈을 얻었다.,1
4003793,재기발랄. 최고의 성장영화.,1
10248001,정말 좋았다! 최고!!!,1
6157738,"재밌네,,재밌다.끝까지 지루하지않고 보는 싸구려 7광군지 돈쳐들인 영화들 보다낫네",1
6117350,마지막화 빼고 볼만하다가 아니라 재밌다 그냥 ㅇㅇ,1
6532005,스텝업 짱임,1
10269516,처음 오토바이 개허세씬부터 알아봤다. 밑도끝도 없이 괴물부터 나오네,0
9185529,"ceo1****께서 지민이에 대해 물어 봐 주셨는데, 제 생각엔 지민이는 세상을 떠나지 않았을까라는 '예상'을 해봅니다. 아이들이 실종되면그 아이들의 물건을 관찰하는데 일반적으로 현세에 미련이 없는 아이들은 자신의 물건을 챙기지는 않기 때문입니다",1
9758406,배경이 다 CG라는데 영상미 하나는 진짜 최고임,1
9987104,다소 잔인한 소재를 다루지만 푸는 방식이 신박하다. 굿.,1
3016084,요 정도가지고 미국영화를 물리친다는 것은 한여름밤의 꿈이다.분발하라.,0
8023168,"리는 책임감이 강하다, 받은 걸 고스란히 돌려주는 사람이다. 스스로 사랑하는 법을 몰랐고, 그래서 애정에 집착했다. 그녀는 사랑받기 원했다. 그녀 주위에서 그녀에게 책임지길 원했고, 그 결과는 그녀 혼자 감당해야 했다. 단순히 영화평이지만,닮았",1
9237972,"원컷이였다는 점에서 5점, 시간이 갈수록 결말 예상에 -1점나름 반전영화긴한데... ㅋㅋㅋ 휴",0
7789237,모랄까..... 참 좋은 영화다.,1
242226,"제작진의 노력이 보이는 작품, 재방 더이상 안해주나....",1
8379584,배우들이 아깝다. 스토리도 매끄럽지 못하고 억지로 감동적인 척하는 엔딩. 차라리 멤버 각자의 인생을 좀 더 보여주었다면...,0
9494889,"진짜 1,2편은 언제봐도 안질려요 대박",1
8699571,보다 껏다 노잼 일베가 더잼있다,0
2677387,잔인하지도 불편한 감정도 안 든다. 억지 반전때문에 오히려 짜증만,0
4405338,어릴 때 봤던 최고의 영화.. !! 박남정 최고 !!!!!!!!!!,1
9821371,찌질이 아빠가 험난한 세상을 살아 갈 딸에게 마지막으로 주는 최고의 선물... 격정적이고 아름답다. 초기작인 노리코의 식탁보단 대중적이고 친절해진 듯.. 김지운 같은 겉멋에만 찌든 한국 감독들이 본받을 점도 많고...,1
3142537,옛날에 봤던건데 재밌다ㅋㅋㅋ,1
9829879,"""마음 한곳이 꽉차는듯한 느낌이다.. """"정의"""" 익숙한 단어였지만 그 의미는 모호했다.이 영화를 보며 """"정의""""라는게 무엇인지 보여주었다.배트맨 비긴즈는 영화라는 틀을 넘어 인생을 보여준다.""",1
6040266,재미있지라~~오오미~순수한 북한 동무를 주적이라는 리명박 정부는 반성해야된당께~~,0
6747928,본드걸 2명 클래스에 4점 끝 영화로서는 구리다,0
6206278,스토리가 부실하고 코믹적면도 부족하다 그렇다고 감동이 있는것도 아니다,0
6144332,너무 좋아 ㅋ,1
1849142,오지명식 코믹??? 키키키키키,0
222711,물이 포도주로 변하는 진정한 마술적 힘을 가진 순수 영화,1
8109097,재밌었음. 특히 노래방,1
7343907,정말 간만에 즐거운 영화였어요!!^^,1
8161783,이 영화 10점 준 사람은 이영화 감독 식구들이냐... 내가본 액션중에. 최악이다스토리 연출 둘다 1점도 아까움. 영화보고 빡쳐서 댓글달긴 처음이네,0
7121443,코믹과로맨스의적절한조화!영화보는내내빵터졌닼ㅋㅋ오히려광고보고예상했던것보다재밌다!,1
7514035,문리버~ 음악과 영상이 조화로운 아름다운 영화,1
8622822,"누구나 동등한 권리를 보장 받고, 정당한 권리를 요구할 수 있는 것. 그것이 정의다.",1
5771151,그대들에게 박수를!,1
1978943,3점주려다 4점준다,0
8566497,애니다운 맛이 없는 조악한 이야기,0
7327060,내사랑 주지훈,1
7479645,내용전개가없음. 몇일째 그대로...그래서 요즘 안본다 재미없어서,0
7574208,"딴 사람들은 어떠케 생각할진모르겠지만 내가볼땐 재밌든데요...달갱이 캐릭터도 머라지... 완벽한 순수함??그런거같고ㅋㅋㅋ변강쇠 캐릭터도 쫌 ㅄ같긴하지만 진실하고 감성적인 그런거ㅋㅋ 무튼!!!내가본 한국 코믹 ,멜로중에서는 제일 잘찍은거 같아!!",1
8521989,진구는 이런역할이 별로 안어울리는 건지 아님 연기력이 모자란건지..보영은 아직 신인때라 그런지 조금 미성숙한 연기임..그리고 영화 내용이나 연출도 많이 떨어지내요...,0
4397665,1편을 재미있게 봐서 2편도 기대하고 봤는데.. 보다 잤어요. 잔인하긴한데 지루해요.,0
8078386,예전의 국민여동생이 아닌듯하나 연기하는게 예전같지않은듯 뭔가 아쉽네요. 예전엔 귀여웠는데.,0
6814880,보는내내 주인공을 욕하며 봤다..조금도 감정이입이 안되더라..이런 영화가 아카데미 상을 수상했는지 의문스럽다..,0
6031750,오즈의 영화도 정서적 학대와 충격요법을 행할 수 있다,1
8873048,오글거리고 눈살을 찌푸리게 만들정도로 진부하고 쥐어짜는 눈물.,0
9764167,약간 창조성이 부족한거같아서 점수를 높게 줄수없엇다.,0
9999618,닉vs여주 핵발암 핵쓰레기 두명땜에 도데체 몇명이 피해를 보는거냐 ㅋ..,1
9710719,이거 평점 왜이렇게낮지?ㅋㅋ당대에 유명한 스타 다나와서(지금 얼굴보기도힘든 나얼까지 나온...)완전 재밌게봤는데ㅋㅋ생각보다 현실성있었음. 4점대는 좀 아님. 출연진 보는것만으로도 꿀잼 ㅋㅋㅋ,1
4895765,신내고 인어가 되서 재미었다,1
2464882,"그냥 꽝인 영화, 이자벨은 헐리웃과 인연이 없었다, 안타까워ㅜ.ㅜ;;",0
9934688,완전 재밌게 봤는데요? 19금테드 먼저 보신 분들은 재미가 덜 했나봐요.. 19금테드도 봐야겠네요,1
10248257,위트있고 생각지못한 스토리 전개가 흥미로웠어요~,1
8912972,박민우씨 가끔은 남을위해 생각하지말고 자신을위해 생각해요 배려하곷싶은 마음은이해하지만 남들한테는 안좋게 보일수있어요...,1
5765246,레포트 때문에 봤는데 의미있고 재일교포에 대한 현실을 알수있게 되었다.,1
8960011,어릴때보고 서른살이넘어서 다시봤는데 역시나 마음을 너무 따뜻하게 했다,1
5195623,귀가 즐거운 영화,1
7338907,보다가화났다...끌어도너무끌고 속터짐. 이우재엄마라는거 이우재가아들이라는거 맛ㄴ로도충븬히할수잇는건데납나비행동도미치도록짜증나게속터짐 욕나옴,0
8308822,글쎄....보다가 잠들었다....시간 낭비,0
1043270,쓰레기 분리수거일이 언제지? 절대보지마라 절대후회한다.,0
7501691,아놔 진짜 어이없어서ㅋㅋㅋ 작가야 민망하지도 않니???ㅇㅣ런 쓰레기 드라마는 살다살다 처음본다ㅋㅋ ㅋㅋ,0
10232943,분주하고 번잡스러운데 왜 이렇게 지루할까,0
8046041,좋다. 이 영화. 너무 좋다.,1
9632682,굿굿 잘봤습니다~~ㅅ,1
7251176,이하나라는 배우에게 빠져든다 정말 매력 있는 배우.안성기는 두말하면 입아프다.뭔가 결말이 시원치는 않지만 그건 관객들의 몫이고 웃음이 나오고애틋한 느낌마저 드는 영화 담에 와이프랑 같이 보면 어떨까? ㅎㅎ,1
7091315,주인공이 더 나쁜놈 같다. 이건 년이나 놈이나 전부 사람 못죽여서 환장한 놈들 같다.,0
8515560,재밌어.... 섹시해....,1
9873837,"재밌게보진못했다 앞쪽부분의 뚝뚝끊기는 편집에, 예루살렘이 나올때마다 보여주는 딱봐도그래픽혹은 미니어쳐티가 확나는 조악한 전경은 도대체 왜계속보여주는지...한10번은 나온것같다;;독실한신자입장에선좋다고볼수있는영화겠지만 그렇지않고서는지루할수밖에없었던...",0
3819312,흠...포스터보고 초딩영화줄....오버연기조차 가볍지 않구나,1
6191078,이렇게 OO같은 영화는 또 처음보네,0
24807,정말 재미없는 영화 다시 보기 싫음,0
4198269,시간이 지나서 또 봐도 정말 가슴애린 드라마......ㅠ.ㅠ,1
10196453,주인공도 그렇고 색감도 그랗고 영화가 이쁘다 라는 생각을 했어요 ㅎㅎ 주인공만의 독특한 매력도 있구여 ㅋ무엇보다 여주가 정말 예쁨...☆,1
10148438,제니퍼 로렌스를 너무 믿은게 아닌지. 지루했다.,0
734251,아따! 왜 이리도 지루하오~!!나에겐 허무함이로세~!,0
9133132,"모두에게 잘못이 있고, 모두에게 책임이 있다. 불편한 현실을 평생 맞닥뜨리며 살아야 하겠지만, 그럼에도 불구하고 사랑받을 수 있다는 희망을 버려서는 안된다. 책임을 전가하기 전에 책임을 생각해볼 것. 겨울이 있으면 봄도 있는 법. 계절은 순환한다.",1
7354126,배우 두명아니었으면 이 영화 끝까지 안봤을거다 아마,0
8253524,가족이라는 단어가 다시금 생각하게 해주는 그런 영화인듯.. 간만에 순수한 영화봐서 마음이 평온해졌어요^^ 평점은 9.5,1
10105338,여기서 그 무엇을 더 바라리오...신의경지다(웃음),1
2326273,아 지겨워!!!!!!!!!!!!!!!!!!!!!,0
9108907,이게 진짜 현실 100% 재판이다.. 남 일 이라고? 언젠가 자신이 겪게 될 수도 있다.. 진짜 집중하면서 봤다 ㅠ,1
9456106,이건 그냥... 할일없는 몸파는 여자가 몸팔러 갔다가 욕정없는 70대 싸이코패스와 노닥거리다 그외의 욕정을 느끼고 결혼하자고 쫒아다니는 준깡패와의 3남녀의 시덥지 않은 이야기를 하는 한국의 인간극장만도 못한 파렴치한 영화가 되겠다.Wha tthe fu,0
2898092,다른영화처럼 지겹지않고 재미있어요 ^^,1
4816459,어이가 없다;;;,0
7084625,진짜 2013년 들어 첫번째 영화인데 기대 이하..아니 더욱더 이하....차라리 더빙을 하시지 마시지.... 그닥 내용도 별로....,0
7498023,정말 재미있네요 어떻게 이런 영화가 나올 수 있는지 모르겠요!@,0
5211163,핀란드판 바그다드 카페... 덤덤하고 담백하지만 울림의 폭은 묵직하다.,1
7727833,올레티비 추천 무료 영화에 있어서 별 기대 없이 봤는데 뜻밖의 수확. 이런 스타일의 영화는 늘 마음을 따뜻하게 만든다. 약간의 어색한 유머 코드도 있고 좋았다.,1
2655328,영화 마음이 속편이었던가 아니면 어린이 영화수준의 한계성인가,0
849682,절대무인 ....,1
6913095,결말이 뭔가 빠진느낌이여,1
8174168,처음보는 사람에겐 황당할지 몰라도 감독님의 골수팬으로 이제 우려먹기좀 그만 했으면 한다...캐릭터 돌려막기..,0
3913126,좋다.,1
2892411,아깝게비디오값500원만날렸음..ㅋㅋ,0
42197,굿이라는 것의 의미를 깨닫고 민족문화를 이해하는데 도움이 되었다.,1
8804346,좋은 드라마봐서 좋은데 결방이 많네요ㅜ이제 월드컵도 하는데 더 많아지겠죠..연속2회방송 안될까요?,1
7875832,십점만점에십점,1
7661150,최고미화가 훌륭함,0
9306030,"소중한 금요일 밤 시간 이 영화 보자고 투자한 게 아까움, 점수 줄 수 없음. 영화 너무 별로라 태어나 첨으로 후기 올림.",0
4437501,뒤늦게 보고 완전빠져듬! 두배우 연기 호흡 환상~ 스토리도 좋고 최고임!!,1
158316,쓰레기.....,0
8832213,2시간넘는 영화 초반부 빠른전개핟다 나중엔 너무넘지루합니당,0
9059264,현대인의 소통과 단절 그 영원한 숙제! 마지막 장면에서 처절하게 울던 양귀매!,1
10023338,"이 영화를 가장좋아하는것은 20대여자 라고 되있고 가장 싫어하는 사람들이 20대 남성이다. 이로써 볼 수 있는것은 여자는 감정이 발달되있고 남자는 이성이 발달했다는 것이다. 감정이 발달되어 있으니 신이란 존재를 이성적, 논리적으로 판단하지 못하는것이다",0
8520307,강추@강추@강추@강추@강추@강추@강추@강추@강추@강추@강추@강추@강추@강추@강추@강추@강추@강추@강추@강추@강추@강추@강추@강추@강추@강추@강추@강추@강추@강추@강추@강추@강추@강추@강추@강추@강추@강추@강추@강추@강추@강추@강추@강추@강추@강추@강추,1
8481706,케이블 방송이라 아쉽다 지상파3사에서 했으면 하이킥 시리즈 뺨칠만큼의 인기였을텐데잘 챙겨보고 있습니당 너무 재미있네요♥♥ 고경표씨 사랑합니다,1
4720276,결론이 애매하다,0
10277019,진짜 더빙이 더 재밋네ㅋㅋ 아이돌들 안써서그런가,1
9690347,이거 진짜 보고싶어서 엄청 찾아다녔는데ㅜㅜㅜㅜ,1
10183512,이거 재밌었어요? 나만재미없어서 혼났나... 암살보고 봐서 그런가... 뭐지이,0
8057809,답이없따 ~~ ㅠㅠ히11,0
7908104,우스꽝스러운 스토리..,0
1788074,장국영 역대 작품중 색정남녀와 함께 가장 최악의 작품. 저급한 각본과 전개,0
4538874,"축구의 신이 펠레지, 무슨 마라도나냐? 마라도나는 그냥 축구천재다",0
8011594,이때까지만 해도 이명세가 좋았었다.,1
7907821,"문소리의 연기, 촬영이 정말 좋았다!",1
8042182,별 내용 없네요. 베드씬도,0
5532422,평점에 속았지... 완전 쓰레기 ㅋㅋ,0
8945894,10년전쯤 봤는데 아직도 마지막 장면이 인상에 남네요...,1
8917938,그당시 비디오 대여비가 아깝게 느껴졌던 영화!,0
5174073,스킵신공을 반은 쓴거 같다. 결국 25부에서 GG. 억지스럽고 루즈한 전개. 무리한 연장,0
8928676,오래오래 가시길... ㄷㄷ,0
7037856,정말 신나게 봤습니다. 에너지가 느껴지네요~,1
8098721,뭐니이거? 짜증 지대로다 다른 배우들까지 싸잡히네~ㅉㅉ,0
4032926,여자꺼 노출안나옴~ 이런 --; 개 낚였다.. 노출장면도 거의 없음,0
9281829,스토리 전체가 그냥 물 흐르듯이 가는 기분? 시간 때우기용으로 쓸때 애들 관심사 끌때나 쓸 영화지 이걸 돈 주고 볼 영화는 아님 딱히 임팩트도 없고,0
7854558,이건 뭐 좃중고딩들 소설도 아니고 세상 참 편하게 사는 두뇌들인듯^^ 특히 빨갱이 감싸주면서 개수작 논리피우는 우리나라 대통령이라..ㅋㅋㅋㅋㅋ,0
9708150,역시 믿고보는 제이크 질렌할! LA경찰청은 감독한테 상줘야함. 두번 줘야함. 그들의 24시간 365일이 궁금하다. 계속 보고 싶다. 정규 시리즈제작 요망,1
7750654,주여..ㅠ.ㅠ,1
10091914,"암만 극장판이라지만 그 자체로써 완성도라는게 있어야되는데, 큐는 완전 꽝이다. 애니메이션 혼자 급전개하고 떡밥, 설정을 가지고 노는데 보는 관객들은 전혀 이해도 공감도 못하는데 뭐하러 극장판을 내나? 설정집을 내지. 이딴 설정놀음 작품이 미화되니..",0
9547200,예상되지? 그게 끝이야.,0
6281512,too slow ...,0
2813790,나 이런거 좋아해 ㅋㅋㅋ 재밌음~~,1
742253,이런답변을 기다린 분들에게 말합니다 비디오로 빌려보지마셈,0
2724764,"어머니의 사랑이 가습깊숙히 스며들었어요.,,너무 슬프네요...",1
129998,정이건의 다른 면을 보게 되었네....,0
8916449,EBS가 아니었으면 몰랐을 영화. 돈에 대해서 다시금 생각하게 되었다.,1
4993954,막장드라마에 이은 막장영화... 그래도 이건 흥미조차 없다,0
6687234,씨네21 황진미는 환장해서 눈뒤집힐만한 영화.,0
6563510,아싀 엄청 웃기다며!!,0
7513608,그저바라만보세요.따듯해집니다.세상에슬프기만한일은없습니다.분명당신을 웃게만들어줄겁니다.,1
9018292,영화가 끝나고 심장이 멈춰버렸다.,1
7326408,그대사랑하기 때문이야~~,1
8677960,"한공주를 보고 난뒤 방황하는 칼날이 좀 아쉽다고 생각했는데, 이걸 보고나니 방칼은 정말 수작이네. 동호만이 문제가 아니다. 감독의 전반적인 캐릭터들 묘사 방향 자체가 섬세함이나 리얼리티가 크게 떨어진다. 거기에 일반인이 만든듯한 UCC 수준의 연출ㅉㅉ",0
4768228,러닝타임 견디는게 고문이였음;;;,0
6893591,나만 당할수는 없지,1
6100064,에효...왕유치,0
9772709,그때나 지금이나.. 너무 많이 가졌고 너무 가진 게 없다.,1
10137127,난 너무 재밌게봤다 ㅎㅎㅎ,1
8964998,코난극장판중최고!!ㅋㅋㅋㅋ,1
10215982,재밋게 잘 보고왔어요 담편 기대~~~^^,1
8699739,어째서 다이애나비를 이렇게 표현햇는지 이해가 된지 않는다,0
449921,좋아요... ^^,1
5735337,멋져!,1
9685815,코미디영화인줄 알고 봤지만 감동의 깊이가 그 어느영화 보다도 깊네요....제 인생 최고의영화 top5안에 든다고 자부할수있습니다.,1
6762493,아 이 평점은 뭐야?,0
388558,최고다. 진짜 배꼽빠져서 죽는줄 알았다 ㅋㅋㅋㅋ,1
5193002,진짜 완소 드라마...!!!,1
4501440,이거 방영할때가 초등학생일때였는데 결말보고 완전빡친...,1
9182143,아이들과봤는데..볼만해요,1
7425803,아주 약간 봤는데 좀 재미 있었다 상어CG도 굿,1
9485141,대체 왜 4점조차 평점으로 있는거지.보자고 졸라서...같이보던 사람한테 민망했던영화...,0
6404025,전광렬의 카리스마는 시청자들의 호감을 사로잡는다.,1
3541525,남성 우월주의를 보는 듯 해서 별로 좋은영화 같진 않다.,0
8097797,시간 돌려주세요...,0
8303700,웃기지도 로맨틱하지도 않다,0
7482720,난 장혁이 왜 죽어야했는지 아직도 의문을 가지고있다. 그리고 광고도 넘 심하게 하는듯요... 배우들 연기력은 좋았습니다,0
2596946,성우가 저 사람들 이었군. 더빙 안된 버전으로 봤으면 좀 더 나았으려나.,0
4746318,"감동도 있구요, 진짜재미있었어요",1
9779749,수준이하... 에휴~,0
9717474,미치도록 재밌음굿굿ㅋㅋㅋㅋ,1
10175317,지금생각해도 십노잼영화 차라리 더빙안된걸 보면 더나앗을탠데 우리말 더빙버전은 오글의 극치 개노잼 코믹대사부분도 못살림,0
7155876,잔잔하고 은은한 영화. 고양이를 키우는 입장에서 길고양이들이 안쓰러웠고 이뻣습니다. 영화 참 좋습니다.,1
9249137,운동능력은 취팔로마~,1
9056571,"다이아몬드에 이런 사실이 있었다는게 ,,,",1
8735056,마땅한 벌이가 없으면 시골에 가서 농사나 짓지,0
3230689,억지설정과 뻔한 에피소드.. 어설픈 감독의 연출..;; 이쁜 로라 램지 때문에 별 하나.,0
7397508,수준은 니가 낮다 왜냐고? 이영화 평점초기화전에도 이미 평점 최악이였다 헐리우드영화가 헐리우드에서 쓰레기 취급이면 말다했지 너같은 놈을 네다홍 네다알 알겠냐?,0
5294607,너무너무 재밌다!!!,1
8838100,마지막 1분까지 무서운영화? ㅋㅋㅋ 영화는 더럽게 잼없구 하나두 안무섭다. 무섭기는 개뿔 뻔뻔해서 소름돋는다.,0
1685131,인생 최고의 영화~,1
7547929,대한민국은 이렇게 되질 않길 빈다,1
6451287,처음엔재미있었는데...아쉽다...이제훈이랑유아인이아까울뿐...........,0
8103675,좋았습니다. 여러모로!,1
8203349,총질게임과 헐리웃 오버액션 영화가 진짜 전쟁씬인줄 아는 ㅂ ㅅ들이 있네... 머리에 든거없는 애들이 진짜 전쟁터에서 총알받이 되봐야 아 이게 전쟁이구하 할련지 붕탁들..,1
6486450,내용은 이상한데 결말이 이상해요,0
3600593,재미 하나도 없음,0
3101872,소문대로 캐졸작이라고들었는데 정말 캐졸작이군;;,0
6026502,그를 누가 죽였을까...그의 죽음이 아니였다면 흥행하기 힘들었던 수준의 영화.,0
8280860,이작가는 시청자들이 개념도 없는 초딩으로 아나? 조금이라도 고민좀 하고써라 지편한대로 갈기지말고 ..이런 한심한 ㅉㅉ 아직도 이런드라마가?,0
4931108,진짜짱!!!!!!!!!!!!!!!!!,1
8200369,다 1점주길래 나도 1점이다 에라 받아랏,0
7640112,결말은 그냥....진시황도 다이너마이트엔 못당하니 노벨이짱이란거네ㅡㅡ,0
183175,사고뭉치 콤비들의 어이없는 주접떨기,0
186006,무슨 말이얌...ㅡㅡ; 허무함...,0
5392621,알아요 도전하게끔 만드는 평점이라는거ㅋㅋ그 도전 처참히 짓뭉게는 영화,0
9833840,난잡하다....;;,0
6180022,내용이 지루하네여 너무끄는거아닌가 한편두안빼구봤는데이제안봐두신경안쓰게 되네여;,0
9196258,ㅋㅋㅋ 이병헌 눈빛연기 소름돋았고 정우성 남자가 봐도 멋진놈으로 나왔는데 이 영화는 송강호가 짱인듯... 진짜 이상한 놈을 이만큼 소화할수 있는 배우가 또 있을까? 왜 그가 최고의 배우라 불리는지 알 수 있는 영화,1
6932850,과욕이 만든 실패작의 표본.,0
9238003,"아~ 쓰레기영화인지 . 2002년도에 나왔던 영화랑 다를게없군,패러디 할꺼면 좀 다르게 하던가, 누가봐도 가위영화네요~ (하지원, 김규리 나온영화).이거 왜 만든걸까요??? 이해가 안감",0
10242579,"가장 미션 임파서블 같은 영화이고 톰크루즈는 찐짜 이단 헌터 특급스파이같다 연기쩐다..미션임파서블3,->미션4->미션5는 최고라하고 싶다 그중에 갑은 미션3이다",1
297431,"한때 유명했던 영화 포스터, 그러나 너무 뻔한 스토리..",0
6307325,이영화가 가벼운가? 너무나 현실적이고 무겁다고 느꼈는데...,1
8916981,넘재밎어요~ 12부가마지막회라 아쉬워요ㅠㅠ,1
777559,주제에 비해 이야기를 끌어가는 힘이 많이 처지네요!!,0
9820254,너무 잼 있어서 보고 또 봤던 기억이나네요장국영은 이세상에 없고 왕조현은 어디론가 사라져 버려서 지금은 볼수없지많 원조 천녀유혼으로 다시보게 되니 반갑네요,1
9409168,저는 재미있게 봤어요...정말 배만지면서 웃으면서 잘 보았구요 극중 상열이 처럼 진짜 사랑하는 사람 찾아서 잘 해주고 싶습니다! 임창정씨 연기 진짜 대박이구요 정말 웃으면서 잘 봤어요^^,1
6131516,“아야세 하루카”님 지켜주지 못해 미안해.,0
4261210,이빨교정하고이상하진애이상해..,0
8519721,너무 재밌게 보고 있어요..약간의 막장은 재미를 위해 당연한거 아닌가요? ㅎㅎ드라마지만.. 최면 지대로 걸려서 보고 있어요..오감독처럼 꾸밈없이 속쉬원한 남자!!매력있고 넘 멋져요!!,1
9583239,상업영화는 아니고 예술영화도 아니고 그냥 EBS 교육영화라고 생각하면 만족,0
6826730,걍 쓰레기,0
9770164,킬링타임용으로는 좀 지루한면이 많은데 볼만은함,1
8092926,영화같은 실화... 결말로 갈수록 훨씬 놀라운.,1
9715472,주인공 심리에 동화시키는 전개가 상당히 흥미진진 함,1
10151478,아무렇지도 않게 지우기엔 너무 힘든 너무 슬픈 사랑,1
1185092,와 11등이네 한국영화 중에서 진짜 드물다 이런 경우 ㅋㅋ,0
8368328,성시경. 너무조아 헿헿,1
5703255,미야자키아오이 10점 이준기의 발연기 -1점.. 또 다른 러브레터를 보는듯한...?ㅋㅋ,1
4946752,"헛소리는 관속에들어가서나 해라.무명이던,이시절이없었다면,오늘날의 영광도 없었다.",0
8921083,사극의 아름다움을 다시 한번 느끼게 해준 작품,1
9315086,외국탑기어가 짱짱이네,0
323350,"미안해라는, 말 속에 숨겨진 전할 수 없는 소중함들.",1
9759289,진짜 sf이면서 롱타임영화인데 보고나서 허무함도 하나없이 너무잘만들어진 걸작이다. 개인적으로 위쇼스키감독 작품중에제일마음에듬♡,1
3580684,마지막에 감동을 넣으러 했던건 치명적 실수,0
5390963,네이버 평점에 1점 준건 첨이다. 정말 이렇게 쓰레기 같은 영화가 있구나. ㅋㅋ,0
7264399,패륜영화,0
6665932,도대체 왜 제목이 맛있는인생인줄모르겠음 너무 막장임ㅋㅋㅋㅋㅋㅋ재미도업고,0
8356039,김기덕 감독 영화 중에 이 영화를 가장 좋아한다. 재희는 이 캐릭터에 참 어울리는 것 같다 ㅎㅎ,1
7703161,없어져 버려 재미교포 교육 책만드는 레젼드편 빼고는 재미 없어,0
5504310,반전이 있을줄알았는데 캐서방 마지막... 아...잊을수없을거에요,0
9070710,아 평점1도아깝다 감동도업고 재미도업고 영화마지막쯤 허탈해서 내가이걸 왜보고잇지?이런생각듬....,0
8762289,좋은영화를 봐서 기분이 좋다,1
6205276,머여 잼낀하지만 시청률;; 6.6이 머에요 뉴스보다 못하는건데 에휴;; 그래도 잘했음;;,0
5464925,미리 쓰는 우디앨런의 귀엽고도 사랑스러운 유서적 농담,1
714799,최고의 드라마~,1
4375539,전형적이지만 지루하지 않은 영화. 잭과 션의 마음이 참 예쁘다.,1
7951475,"스케이트보드만으로는 안 되겠던지 온갖 진부한 것들을 어설프게 섞었다. 인물의 행동은 그냥 이상하고, 가끔씩 들어가는 슬로우 모션 장면들은 지루하기만 하다.",0
8613843,재밌어요!!! 개인적으로 완전 재미있엇어요!,1
10057220,전하고자하는 메세지는 알겠으나 너무 진부하고 지루하다. 동화같은 이야기,0
8588087,우리애가 좋아하네요. 그래서 평점 10점.,1
9979651,아 ebs에서 하길래 또 봣는데 역시는 역시다 또 울고말았다 몇번을봐도 눈물 못참는다,1
8642898,"말이 필요없는 똑똑한 영화, 지적 유희의 즐거움을 담다",1
1509228,봐도봐도 질리지가 않아요~,1
8311729,이미 침몰하는 영화에 온몸을 던져 촬영한 오인혜가 불쌍해 보일 지경이다,0
2040496,욕설과 야한장면빼면 그냥 애들영화잖아.,0
527007,조지밀러가 왜이런걸,0
9498675,내용 연출 여러가지로 엉성한 영화,0
9913117,내 인생 베스트 오브 베스트 10위안에 무조건 든다,1
1707018,너무재밌었다 ㅋㅋ,1
8360714,"단순한 추억의 영화 그 이상.,",1
9468791,우연히 보게 됐는데... 많은 생각을 하게 되네요.혁명에는 희생이 따른다.. 정의 또는 국가를 위해선 국민의 희생은 어쩔 수가 없군요.,1
10009819,새로운 시도 없이 그냥 첩혈쌍웅 흉내만 내다가 마는 영화..,0
7280054,나는 그닥재미가있지않네..,0
4484349,그들의사랑을다이해하긴어렵지만..어느정도이해할수있었던것같았던..추천^^,1
10014342,아프니까 청춘이다 희대의 개소리 아픈사람도 널렸다 라고 말하는 원장부를 보는 순간 분노가 치밀었따 최우식연기 10점.,1
8936780,"하아,,, 지루하다, 너무 장황하게 설명하려다 이상한 영화가 되버림,,,",0
7520319,내가 봤던 영화중 최고였음! 10점도 모자람,1
7519951,진짜 왠만해서 이런말 안하고 싶은데 죽여버리고 싶다.내시간 내 돈 ;;;;;;;뭐하자는거지 욕나온다^^죽여버릴까진짜,0
9367213,디카프리오의 미모와 연기력은 역시나 대단했지만 으어.. 퀴어영화인것도 그렇고 등장인물의 난해한 행동이며.. 너무 이해하기 힘들었고.. 결국 디카 팬심으로도 영화를 다 보지 못하고 꺼버렸다.,0
852256,아 진짜 재밌다 이런영화다시는업을꺼같타,0
1918793,훈훈함.....,1
9713122,아이가재미있어해요-,1
10112399,글쎄.. 뻔한 스토리지만 나름 재밌게 봤고 엔딩은 좀 슬펐건만... 평점이 이따구야,1
9732282,여배우들의 열연~~~ 고은아 이쁘네요...,0
5374372,비둘기 씬이 유비나 관우 출연 시간 보다 세곱절 길다. 비둘기대전.,0
5503045,남들이 안하는짓 하는게 에술이 아니라오,0
10025156,집중할수밖에없는 영화다,1
275149,재밌음.. ㅋ 조아조아..,1
7705015,"어벤져, 이탈자, 사이보그 ,,, 반담의 3대 명작~",1
6776295,sm세뇌 독재 영화,0
8968903,여자 주인공 슬립입고 나와서 계속 봤음,1
10010873,문근영을 위한 영화..,1
7351636,A~C,0
6384026,웃기긴 개뿔,0
795087,영화가 신선하네요.. 강혜정 정말 너무 멋져요^-^*,1
10166050,본 영화들 중 가장...,0
4583016,허어어어얼ㅋㅋㅋ 이거 재미없엉,0
6836450,진짜 김남길 사랑해 너무 멋잇다ㅠㅠ♡,1
9801985,다시 보아도 재밌다 또 다른 시리즈는 안나오나,1
8965313,배우들이아깝다!!!!,0
9696893,염기가 뭔지도 모르는 생물학자를 데려갔으니 당연히 다 죽지 ㅉㅉㅉ,0
6775429,끝날때울뻔했다구요진짜 ㅠㅠ 시즌2하실거라는거알고잇어요!!ㅋㅋㅋ,1
9824857,이게 93년작이다! 이게!,1
9306785,어쩌면 씁쓸한 결말이지만 덕분에 먹먹한 여운이 남는다..제임스 맥어보이..,1
8497100,오랜만에 진한여운이 남는영화다. 좋다...,1
377272,"이것도 저것도 아닌 유치뽕짝 스토리, 어렸을 땐 공폰줄 알았다.",0
9641478,영혼을 울리는 수작. 사랑을 머리로 이해하려고 하지마라.,1
10123671,영화 배경음 왜이렇게 촌스러 80년 말 90년 초 영화 보는 줄...,0
6909343,이런 쓰레기를 워터보이즈 스윙걸즈랑 비교하냐 전기세도 아깝다,0
5686250,남자영화 이것이 최고다,1
3834957,첫주연작이기 때문일까? 고분분투하는 김수로가 안타깝다,0
9162734,겉만 핥기식 뭔가 자극적이지도 않고 그렇다고 웃기지도 않은 드라마,0
8757075,"단언컨대, 최고의 성장 영화 중 하나",1
5971307,한국 최초의 영화!!,1
5553382,어릴적 3류극장에서 푹 빠져 봤던 추억의 영화...,1
7088825,우선 전쟁에서 목숨을 잃은 기자분들과군인들에게 10점을 드립니다.그리고 영화가 참 가치있다고 느꼈습니다.또 영화의 재미만 말씀드리자면6..점ㅎ아무튼 좋은 영화 한번쯤꼭 보시길 바랍니다~,1
1245566,이게 뭐니? 이게... ㅡ ㅡ+,0
717045,"이 죽일놈의 드라마,, 미사를 제자리로 돌리도!",0
7918925,아무리 미스터고같은영화여도 이현우나오면 10점임,1
8726644,책임지지 못할행동 하지말자.... 제대로 안키울꺼면 싸지르지마라..진짜.... 천벌 받는다....,1
9445657,와..장난아니시네... 이게 정말로 자연산 이라니....남자배우가 나이차이도 좀 많이 나보이는거 같던데 조금 부럽네요..,1
6243008,예술임,1
9267937,유령의 집과 같은 소재는 이제 지겨울지경,0
9837853,"ㅉㅉ말이 안나온다..ㅡ.,ㅡ",1
2079235,은근히 감동적인 영화~ 난 재미있게 봤다~^^,1
4250328,부인의불륜을 남편이 정리한 영화인것같군요.그이상 모가있을까요?,1
1103840,끝내준다,1
4413160,어디 지방대 연극영화학부 졸업작품이라고 하면 수긍갈만한 작품 ㅋㅋ,0
7318472,따분하고 의미없었던 삶에 의미를 부여해준 드라마,1
8198021,2편도 나름 흥미진진한데 핀헤드가 죽은게 좀 아쉬운 점이랄까?,1
2440107,출연진은 나름 빵빵한데 내용은 왜 그래?????????,0
8205948,"그냥 포르노영화수준.. 여배우들 아니 전체 배우들의 연기는 그냥 동네학예회수준,연출도 b급?아니 d급이다. 그냥 포르노보고싶으신 분들은 이거 보시는걸 추천할정도로 배드신빼고는 기억에 하나도 안남는다. 마지막 복수장면 배우들의 발연기는 가관이였다 진짜.",0
7254790,권상우 송승헌 김인권 지성 꽃등심에 랍스타에 인삼에 전복까지 좋은재료들로 쓰레기를 만들었구나.배우들 연기는 나름 괜찮은데 보는 내내 개거지같은 시나리오 연출때문에 화가 다 나드라...김해곤이란 감독 담부턴 그냥 조연 단역만 하시길,0
1774202,제작비는 어디로 ? 아유 레디 투 더 막장 ~ ?,0
8429024,그 시절엔 참 재미있었는데 지금보니 그 시절 만큼은 아닌듯 싶다.,1
3472035,재밌네요..,1
565610,"최고, 정말 최고다,,",1
9436209,"박해일의 연기, 그 끝은 어디인가",1
8021661,뭐여.... 야마다군과 7인의 마녀 남녀주인공 모티브여? 완전 주인공 따라했구먼... 1화에서 사고로 넘어져서 키스하는데 꺠어보니 체인지됨....뭐니...,0
5176318,1점 주는것도 아까움,0
7465913,"일본영화 특유의 오글거림은 한스푼 빼고, 그 특유의 잔잔한 감동을 한스푼 더한..재밌었어요 후카츠에리 영화는 믿고 보네요^^",1
6225457,아악 밑에분 설명 ㅋㅋㅋㅋ,0
4401485,내 살다 1점 주는 영화는 또 처음이네. 정신없어,0
8680286,만드냐고 고생하고 보냐고 고생하고,0
9823932,감독이 나쁜녀석이다...,0
6627311,너무너무재밌어,1
7350083,배우들의 섬세한 연기와 평범한 남자가 특정 사건으로 극으로 치닫게되는 스토리가 잘 어울어졌네요 !,1
9839487,정말 시간 아까운 영화. 잠깐씩 나오는 파쿠르외에는 아무것도 없다.,0
5121648,"초반 중반에는 코미디고..후반가면....가족 , 희생이라는걸 알게되는영화",1
8403227,짱깨들 자체가 유치하니까 영화도 관객성향에 맞게 유치하게 만드는 거겠지..가뭄에 콩나듯 좋은 영화 하나씩 만들어내고..충무로도 마찬가지고,0
10122118,쉽게 잊혀질 천만관객 영화,0
6075085,"권태로운 삶을 한바탕 뒤흔든 욕정, 집착, 질투, 광기. 그러나 그에겐 사랑이었다.",1
5379143,이런영화는 인물들의 선택에 설득력이 있어야말이지.왜 극단으로만 치닫는지..ㅉㅉ,0
5181446,여배우의 발연기,0
8867082,홍상수 하면 불륜 이 떠오름... 영화 주제가 좀 불륜스러움 찝찝한 그런거,0
159325,학교가서 봤는데 구라 안까고 40명중 나포함 3명 빼고 다 잤음..--;,0
8762333,지루함의 극치 박진감 제로,0
6805081,"오늘시사회갔다왔어요~! 다큐멘터리라 처음엔지루할거같아서 걱정했는데, 중간중간 웃음이터지는장면도많아서 좋았어요~미혼모들의 진실한 일상이나 얘기듣고 좋았고 남녀모두에게 추천입니당!",1
2142798,우웩 올라 오는줄 알았다 쓰레기 영화,0
5895715,힘든 상황을 잘 견뎌내고 자신을 삶을 개척한 가비노에게 박수를 보냅니다.,1
9646661,시간 아깝습니다 보지마세요 우리의 2시간은 소중하니까요,0
4524979,"3류,진부한 드라마",0
6668585,뭐냐? 이거는,0
2655328,영화 마음이 속편이었던가 아니면 어린이 영화수준의 한계성인가,0
1798306,마지막 음악이 좋아서 9점,1
8545106,엔-우-? 가 계속떠오름ㅎ,1
10142702,내가 이걸 끝까지 봐야하나... 싶은 영화다..,0
6693372,"너무 진하다못해, 숨이 막혀버릴 지경이다.",1
8856849,이걸 10점 준사람들은 진정 영화 보기는한건가?,0
3739296,좋다. 하지만 이 정도 영화에 그렇게 많은 의미를 부여하는 게 정당한 일인가?,1
9848527,나의 정체성을 생각해본다지만 지금 현재 사는 세상은 그럴 여유를 보일 수도 약한 모습을 보일 수도 없다.,0
8728965,니가 매일 다니는 골목 그곳만 그대로 있어주면돼,1
658831,왜 18세야? 조제는 15세면서 -_-,1
8858071,볼 만 한 영화다. 음악 넘 좋고 특히 결말에 나온 음악이 좋았음. 저우쉰과 금성무 연기 잘했다.,1
8682744,shy1님답변요1번은 총쏜여자가 목사의 내연녀임 둘이 벗은 사진 나옴 그리고 다시 등장않함 2번은 나비캐릭터 개연성 만들기가 여기서 키포인트 3번은 총은 두발짜리 한발은 동생 한발은 자기를 위함은데 엄마한테 쏘지않고 강간녀쏘면 나비두마리가 날라가면서,1
8833798,애니메이션 보단 부진한 느낌이 들지만 그래도 비밥이다.,1
9504947,진짜 배급사 무뇌충들인가 ㅋㅋㅋ 개망작 영화의 후속편인양 제목을 갖다 붙였네 ㅋㅋ 원제목을 쓰면 궁금해서 보겠지만 7광구 후속이라 믿는 사람은 절대 안볼듯 ㅋㅋㅋ,0
10025379,영화는 킬링타임용 미친 연기는 골든글로브 주연급,1
4550428,무슨 말하는영화냐 ~~ 만화책으로나왔으면 사람얼굴만나와서 말만나오는거같다,0
3681098,대단한 영화 주인공들 연기력도 굿~,1
3526720,명작 블레이드 러너를 아주 그냥 ㅉㅉㅉㅉㅉㅉㅉㅉㅉ,0
8911430,나 참 네이버 평점보고 완전 기대하면서 봤는데 개실망;; 이건 뭐 아버지랑의 관계도 나빴다가 마지막엔 흐지부지하게 처리하고 생각보다 그렇게 주인공이 겪는어려움도 없더만 코치랑 감독도 레알 현자임 다 받아주고 다 용서해주고;;,0
10164827,50대에도 불구하고 힘든액션을 소화 시키는 최고의 배우!,1
110783,개인적으로 서편제와 동급으로 평가하는 작품!,1
8604159,저만 이 영화보고 울었나요. 왠지 위로받는느낌을 갖게해준 영화.,1
6434037,왜 이영화 평점이낮지? ㅠ 감동은깊은데 끝이 급끝낸거같은느낌이있다.하지만 난 재밋게봤고. 이영화에서 메인사진이 많이나오더라..ㅎㅎㅎ 쨋든 나쁘지않았음,1
10269884,집에서 보는데 신랑이 자꾸 빨리감기 하라는데 아냐..아직 본격적인 시작안햇잖아..좀더 기다려보자.. 이러는데 마치 영화필름이 손상된거처럼 갑작스럽게 영화가 끝남... 보기전에 평점찾아볼껄.. 요새 야동이 더 스토리있을듯..,0
3616157,가정 파탄 과정을 아름답게 수식해놓은 영화,0
9084539,이영화를재밌게보았습니다.,1
5469315,토니쟈 액션 영화는 좀 파괴력 있고 시원시원한게 어울리는 듯 뒤로 갈수록 무용이..,0
9584830,"좀전에 OCN에서 두액션배우를 만났습니다.잘보았어요, 재밌게요. 지루하지않고 스토리전개도 빠르구요.평론가라고 칼럼쓰시고 기자신분으로 말씀하시는분들...주관적생각이면서 평가절하는 이유는 액션배우라서 그런건가요?! 저나름대로 재밌게봤는데!왜그러시지!",1
9373175,기자 평론가들 써논 것 좀 봐라..참. 한심하다,1
7949043,"""0점은 못주네 ㅋ 성유리 """"아 불결해""""라고 일침 ㅋ""",0
9145829,솔직히 이번 편은 너무 실망스럽다 그림체도 엉성하고 스토리도 영 뭔가 정성이 많이 빠졌다고 할까,0
1348804,100년이 지나도 그 때 사람들도 보고 감동 받을 마스터피스!,1
9958156,요 근래 본 영화 중에 가장 좋은 영화를 본 것 같습니다,1
9475113,설득력없는 전개+신선함없는 전형적인 스토리+막장적 요소+평점알바까지 말그대로 1점,0
8606976,별점 1점주기도 아까운영화구만 쓰레기 영화 개나 줘버려라그리고 이딴거만든 감독 학력이 중졸 인가? 그러니깐 비판하지 법을 지켜야 큰소리치지 지키지도않으면서 뭘 비판이야개같은 영화,0
2589497,이게 머야ㅡㅡ포스터보고 괜히 기대했더만,0
9308057,정말 오래전에 본 영화인데도 볼때마다 마음이 찡해집니다 ㅠㅠ,1
4451939,으하하~ 너무웃기네,1
8554573,장태정이 너무싫어요 병원에서 의식잃은척 웃는데 소름끼쳤어요 무서워서 못보겠어요 장태정은 사흘동안 화장실도안가나봐요,0
10125664,이렇게 오래 가슴아픈데 감동스럽기는 첨!,1
3827147,지나친 왜곡은 곤란.. 김치양... 강조..천추태후..,0
1029012,정말 재미없다-_-,0
7075740,"이 걸작을 아직 안본 사람이 있단 말인가...음악만으로도 볼 가치가 있는데, 영상/액션/로맨스 머 하나 장엄하지 않은게 없다.",1
2110152,처량한 영화,0
6203311,이게 뭐야? 확실히 벗던지..,0
9939782,진짜 재밌게 봤습니다~ 너무너무 그래픽도 화려하고~ 재밌었어요!!,1
3700251,별반개도 아깝다 보는 내내 잠깰려고 혼났다,0
10024967,진짜 무섭다 아직도 생각나 영화관에서 공포영화 안보게 됫음,1
4996021,ㅎㅎㅎ 걍 웃김 편하게 즐길 영화 ㅋ,1
6549816,방금 봤는데 마눌 엄청 우네요. 나도 코끝이 찡하고.,1
9555610,"라푼젤, 겨울왕국에 지지않을 명작!!화려한 색채감이랑 감동과 재미까지 있는 영화다.엔딩곡이 너무 좋아서 여운마저 즐거운 영화였다.",1
711445,"너무 스토리가 지루하고 느린진행이 답답하고, 별로...재미도..",0
9832405,10여년전 헐크를 처음 봤을때는 그다지 큰 재미를 못 느꼈지만 몇일전 다시 봤더니 인크레더블 보다 더 재밌다. 다만 처음 개봉 당시엔 시대를 너무 앞서나간듯해서 아쉽긴 하다. 인크레더블의 라스트 씬과 헐크1의 전체적인 내용이 합쳐 졌으면 대박 쳤을듯.,1
6644688,"이드라마 ... 너무 뻔하고 극적이다... 말도 안되는 악역에 김민준의 발연기, 전도연 때문에 봤지만 개인적으로 정말 재미없엇음..",0
1070793,유로트립보다 훨훨훨~씬 더 웃기고 재밌다..ㅎㅎ,1
3808862,더빙이 아닌 원판으로 봐서 너무 좋았고 재밌네요~,1
5151562,A brilliant example of the dangers of making a movie without a script it's crap,0
8053906,소블리~♥ 공블리~♥,1
5794815,쌩뚱맞진 않은거 같은데;ㅎ,1
10173938,진짜 82년 코난 더 바바리안은 열번을 봐도 재미있고 인상깊은데 이건 뭐 어린이용 만화 스타일이네 코난도 넘 못생겻고.,0
1565010,정말 재미있는 드라마^^,1
5150160,뻔한 코메디물의 뻔한 재미.,0
6160577,뜬금없이 장근석이 왜나오냐?ㅋㅋ겁나 뜬끔없음,0
8783213,역시 여자들은 남자가 수차례나 바람 피워도 결국 그다지 상관없나 보군,0
8815713,tv 전기세가 아깝다!!!,0
4317958,뭐야이게....,0
8770770,한국영화 왜이래 아!!,0
440040,조페시는 갬비니 그 자체...,1
7517048,내가 멍청한건쥐.. 감독 정신 세계가 이상한건쥐... 김기덕감독보다 더 어렵네...,0
1997191,이 영화는 원작을 읽을 의무를 주려하고 있다.,0
2412724,나공포영화좋아하는데 정말이거보면 후회한다~내용도 전개도 구성도 모두 엉망진창,0
7828896,존잼!!!!그와중에 마틴 졸귀ㅋㅋㅋ,1
10196301,역시 톰 쿠르즈 스케일 크고 CG 정말 대단해요 역시나 입니다,1
10024028,말학대같아서 별로네요 내말내가죽이겟다는데 ㄷㄷ이럼 극현 .. 비추영화임 감동을 무기로 그냥말학대임 .. 실화라던대 그냥말학대죠 ..,0
7593503,진심 재미없음.,0
2262501,기대안하고 봤는데.. 근데도.. 실망이야.. ㅠ 나도 졸렸어. ㅠ,0
8589540,어휴 쓰레기 영화 수준 이런거 왜 만드나 몰라,0
8014801,막장 ㅋㅋ 삼형제랑 돌아가며 사는 여자도 이해 불가 지만 동생 여자 취하고 멀리 떠나버린 브레드 피트는 어떻게 이해를 해야할지 도무지...ㅡㅡ 사람들 되게 개방적이구나 ㅋㅋ 이런게 남자의 로망이라니 남자들 무섭다;;,0
8401547,또 하나의 캐쓰레기 귀환 !,0
4407918,보영누나,1
7433970,ㅋㅋㅋㅋ 아놔 웃음이 한가득~~!,0
9290961,"매해 한번씩 꼭 다시 보는 드라마입니다...봐도봐도 여운이 사라지지 않는 참 아름다운 드라마 입니다..개인적으로 김은숙 작가 최고의 작품은 지금까지도, 앞으로도 '연인' 일거라 생각합니다..제 평생 소장하고픈 작품입니다.",1
7739678,갑작스러온 앤딩. 멀보여준거지?,0
8722329,쩝..완전..허접...,0
9212641,제가 원래 7점줄려고 했지만 9점주는 이유? 간호사 누님이요. (헤헤헤~),1
8619717,보는사람까지 긴장하게 만드는 유아인 연기 정말 쩐다ㅠ.ㅠ 너무 재미있어요 진짜 어쩔 ㅠ.ㅠ,1
6645379,조윤희 오해하는게너무많다..,1
3261896,재밋다.,1
5402576,캬.. 굿.ㅋㅋㅋㅋ,1
5832531,꿈꾸는듯한기분~~,1
8135579,"기대안하고봤는데,,볼만했다. 굿 ~~",1
8422923,잭 니콜슨의 명연기가 돋보이는 수작입니다~~,1
4524219,"""s본부 """"그린로즈, 하고 다른점이!? 마왕 평점하고 생각나 평점하고 가는 1人""",1
525170,지금 생각하니 대단히 수준낮은 영화다,0
9779108,콜린퍼스는 마크다아시 그 자체다..연기가 연기같지 않음,1
2513655,정말 유쾌하게 봤던 영화! 캐스팅도 좋구 즐겁게 봤습니다,1
9119806,스텝업4포역시 재미있다 빨리스텝업올인보고 싶다,1
1447283,굿,1
9750083,잼있어요첨부터 끝까지 흥미진진 한글문자자막이 좀 어색하긴했지만 ㅎㅎ리암니슨이 나오는 영화는 모두 최고!,1
5471909,마음에 듭니다.,1
7991015,sf 좋아해서 디비디방에서 포스터만 보고 이름봐뒀다가 다운 받았는데 이건 뭥미..... 코미디네 ㅋㅋㅋㅋㅋㅋㅋㅋㅋㅋㅋ,0
9381391,죄와 실수는 모든 불행은 나의 죄에서 온 것이다 그리고 그 상황을 변화시키는 길은 회개하여 예수님의 피로 양심의 자유를 찾는 길이라는 걸 다시금 확증하게 해주는 메세지 강력한 작품.,1
69954,안 귀여워여,0
9795176,심형래감독님 응원합니다^^ㅎ,1
6900724,동양을 품은 서양영화,1
9595500,아우 ~ 이 영화 진짜 쓰레기네..,0
9074867,항상 떠오르는 영화....그곳에서 다른사람 행복하게해줬던것만큼 행복하세요 !많이 그리울거예요...,1
9325964,걍 그러네요 졸ㄴㄱ욷? 졸리우다,0
9162039,외모가 떨어지는 여배우들이 입으로 떠든다..,0
4032201,연계성이 말도안되는 영화. 갑자기 내가 범인이지롱~~ 하는 반전아닌 반전은 뭐야,0
7724797,보내는 내내 궁금증은 유발하지만 지루하게 끝나버림.,0
9769652,평점이 머이리 낮어??,1
9688642,뭔가 아련하네요... 감성을 충분히 자극시켜준것같습니다,1
6756787,사람이 계속 죽어서 맘에 안들었지만 성룡의 연기는 일품(一品)이었다.,1
7755734,네이버에 장르가 코미디라고 써있어서 심히 놀랐다 그런데 SF라고 써있는걸보고 두번놀랐다,0
9855056,"잔잔히 밀려오는 감동,, 엔딩도 멋지고 살며시 눈물을... 전생은 참 가슴아픈일이죠..",1
2398466,상당히 좋은 배우들이 완전 막장 영화에 나온 경우,0
6471322,재미없어..1점준거중 한국영화 죄다 9~10점준 M창있네,0
5986093,이거왜만들다말었어,0
9200007,우리나라 개티즌 수준이란게 엑스맨보고 10점주고 이거보고 1점 주면 초딩취급하는건가? 난해한 영화보고 자기는 이해를 했으니 10점주는 거라고 잘난척하는게 제일 한심하고 무식한거다. 개념없는 놈들아. 진짜 멍청한 놈들 참 많아...,0
2595666,나에겐 의미보단 흥미로운 상황들의 나열이 재미있었다.,1
9741855,[ IMDB 7.4/10 ] 내가 태어난 즈음의 시절을 보기위해 무려 블루레이로 감상하였지만.. 감독까지 바보일 줄이야.,0
8665160,스토리도 엉성하고 액션도 무슨 이종격투기의 기술 전수하러 만든 건지.,0
7998512,"사랑의 조건은 서로를 있는 그대로를 받아 들이는 것에서 출발한다. 그리고 서로의 소외를 감싸안아 줄 수 있는 것, 그것이 바로 진정한 사랑의 조건이다.",1
10071105,이건 머냐 ..;; 태극권을 배운 옹박이냐;;,0
4785111,이영화 제목이 헷갈려서 이제 찾았네요. 정말 재밌게 본 영화구요... 눈물펑펑납니다,1
9855732,어느정도 성격을 따라하려는 노력도 없이 그냥 밑그림만 가져다쓴 창작극. 노아가 믿음으로 수OO 걸쳐 만든걸 웬 돌덩이들이 방주 다 만들어주냐. 깜짝이야! 마지막에 아로노프스키 이름이 반전이다.,0
9836293,남주 헤어스타일 왜 저래...? 가게분신노찌쯔!!!!,0
7621609,세윤이 철규 못지안케 개찌질임 결혼식 깼다고 사적으로 연락하지말해 미친 ㅋㅋㅋㅋㅋㅋ,0
5804761,베토벤 어린시절 넘 귀엽ㅋㅋㅋㅋㅋ 신기하고 잼따 ㅋㅋㅋㅋㅋㅋㅋㅋㅋ,1
8912534,"감독도 잘 만들어 보고 싶었겠지.아마 봉준호처럼 찍고 싶었을 거야.하지만 어쩌겠어,, 이게 자기 실력인 걸.욕은 하지 않겠어, 최선을 다한 걸 테니까.그래도 좀 심하긴 했어. 다른 일을 고려해봐.천재성까진 아니어도 최소한의 자질은 있어야지.",0
7502925,락 영화 인데 노래가없다,0
9148961,보고나서가슴이먹먹해졌다,1
7706325,공포의 실체가 뭔지 전혀 나오지도 않고 연기자들끼리 우왕좌왕하는 모습밖에.. 이렇게 지루하고 의미없는 영화는 정말 오랜만이다. 화가 날 정도로 지루하고 재미없어서 어이가 없을 뿐..,0
4471815,"ㅡ,ㅡ알바놈들시키",0
6620661,아무리 다 OO봐도 무영검 찾을수가없어서 결국 네이버에서 다운받았네 ㅋㅋ 아 살다살다 여기서 영화 다운을 받기는 처음이네....근데 중요한건 재미가 없네....... 윤소이 연기가 참........,0
3738283,미스캐스팅에 공감이 안 가는 소트리. 위트 넙치는 대사는 좋음,0
6643556,가정교육상 안좋은 드라마,0
9889136,ㅋㅋ 평점 3점인줄알았더니 으외로 높네요,0
7400445,"마이너스를 줄수만 있으면........난오늘부터 장래희망은 감독이다,",0
5939679,재미없어라..,0
10244027,여태 본 영화중에 최최악영화.. 웃긴요소는 많이 넣은 것 같은데 하나도 안 웃기고 억지스럽고 영화관에서 잠들었음,0
1420137,0점,0
1644342,똥두간유머,0
1830674,아 이딴걸 영화라고-_-; 포스터 캐안습,0
9224015,잊고 있던 명작! 드디어 찾았다!!,1
8604998,실화라지만 내용에 굴곡이 없다.,0
6656677,확실히 재미지겠네 ㅋㅋㅋ 색다른 손오공이라..,1
9897952,웹툰을 안 봐서 모르겠지만 영화 스토리도 탄탄하고 배우들의 연기도 좋았다.,1
187832,기덕의 쓰레기 시리즈. 이런 쓰레기에 상까지 준 놈들도 같이 쓰레기.,0
7481698,진짜 진짜 대박 수준 떨어지는 드라마~ 어떻게이런 내용을 드라마라고 나참 어이없네요 권선징악이라도 있던지~ 이건 무슨국적불명의 드라마입니까? 글쓰신분이나 연출하시는 분이나 정신들이나가셨나? ㅉㅉ 한심합니다!,0
573860,여기저기서 아이디어를 빌려서 짜집기한 영화,0
9615619,이정현 예쁘다. 정신나간 연기도 꼴릿하네요.,1
9795893,브래드피트가 이렇게 귀여웠다니..,1
9140118,유승준 그의 수준을 딱 보여주는 영화..,0
8046196,마지막 성당최후의결전에 날아오르는 비둘기는 잊혀지지 않는다.,1
2352874,아놔 이 아저씨 너무 웃겨 ㅋㅋㅋ,1
7487161,이수정이 한지훈한테 강한사람이니까 견뎌라 이런식으로 말할때 채널돌림ㅋ내가 이때까지 왜봤나싶다. 안본다 이제.,0
9594265,열라 짜증나게 재미없네,0
169322,재미와 감동을 둘다 놓친 크리스마스 최악의 영화!,0
1385435,그래도 보고 후회는없다,1
1373254,왜 나는 웃지 않았을까.....내가 뭔가 부족한가,0
8477697,"그래플링 9단 교섭가와 타격 15단 주민들의 치열하고도 구수한 공방전! 설득의 법칙은, 깨어난 농민들에게 무너지고, 터미네이터는 사람으로 거듭난다. 쿨하고 세련된 각본, 위트넘치는 대사들, 따뜻한 색채, 함축적인 영상, 대단히 매끄럽고 부드러운 연출!",1
507777,내가쓴평점지워졌네 -_- 카를로.ㅋㅋㅋㅋ,1
6483871,아주 재미있지도 없지도 않은 밍숭맹숭한 영화...,0
12715,의외로 재밌던걸~~,1
5208792,헤롱헤롱 술처먹구 영화만드나? 어쩜이리도 징글맞게 한결같은지..,0
9910030,스토리도 좋았지만 역시 덴젤워싱턴이다 ㅋㅋ,1
4096853,그나이 또래 류현경 만한 배우도 없다,1
3815935,충무로 돈이 남아도나봐?,0
4206349,공포에 관한 트라우마로 남아있을 정도로 어린시절 충격적이었던 영화,1
3036356,시사회로 봤는데 정말 가슴이 찡해와요 ~,1
4496265,억장이 무너집니다.내 시간아....,0
2114614,TV드라마과 비교하면 한마디로 함량미달 날림공사이다,0
10185798,잔잔하고 자연스러운엔딩억지스럽지않은 코믹정말 만족했어요그 이웃에 살고싶어요추천해요!엔딩크레딧에서 NG장면 나오니 참고하시길,1
7923626,웃기고 미친 세상이지만 반드시 지켜야만 하는 것도 있다. 스타일이 확고해서 깔수가 없네. 니콜라스 케이지도 굿이다.,1
9295324,요즘에 볼 드라마가없어서 봤던거중에서뭘볼까생각했는데 이드라마가딱생각이났다 시청률이낮은게아쉽다이드라마를많은사람들이봤으면좋겠다는생각이들정도로좋은드라마였고 개인적으로난매우재미있게봤다 나오신분들도다너무좋았다,1
7220689,독립영화를처음보았어요 그것도3D 영화를. .!보는법을알아야될것 같아요 부산영화제에서영화전문가들의평론을보고다시 2D를보고나니 ? 이제물고기영화를 이해할것같습니다창의적인 새로운 영화를봤네요 감명이에요,1
6932005,설마설마햇는데 ㅋㅋ패션왕결말에 어이없어서 웃음이라도 나왓지 이건 짜증만났음 ㅋㅋ중간에 애가 현우한테 엄마포기하라할때 진짜 줘박고싶엇을정도엿음 ㅋㅋ작가가 레얼 미친듯함,0
8770554,당연히 우리 응사지!!!,1
9816586,처음 본 사람은 이해가 어려움.여기 나오는 악역들 코난이 원래 알고 있던 사람으로 보이는데 전에 어떻게 안건지 궁금함,0
9854360,클라우드 아틀라스를 감명깊게 본 김기덕,0
10258365,이건 진짜 6점이 적당함 평점 내려야됨 화끈한 액션이 있는것도 아니고 반전이 엄청난것도 아니고 노출신이 있는것도 아니고 보다가 살짝 잠들었음,0
9307416,북한 나와서 더 관심이 가고 내용도 볼만하다.,1
7125578,best of best 얼른 종합랭킹 1위로 보내자,1
9679410,안톤 시거 연기는 전설이다,1
6518053,세배우의 열연이 아른거린다.,1
3189888,돈완전아까운영화 차라리 봤던영화 다시 보는게 훨씬 돈 안아깝다,0
7989375,정말 예전 영화인데 아직까지도 볼 수 있다니..,1
8993668,잭스키스말고 강성훈이 또있네 ㅋ,1
7692450,의미없이 달리기만하는영화,0
9873192,1편은 재밌었는데 2편은 왜 이따위로 만들었냐,0
9305272,몇년 지나서 봐도 재밌다,1
3648527,닭털 뱉어낼때 매우 웃엇다. 혼자만 봐라 둘이 보면 솔직히 민망하고 쪽팔리다.,0
9251572,정말 풋풋한 내용이내용감동받았어용우울한 현대시대를 잘 표현한거 같내영손녀의 마음이 할아버지를 감동 시키고부모를 이어지게 하고이런 딸하나 있으면 행복하겠어용잘봤습니당,1
10054163,10점으로도 모자라요마음이 찢어질듯한 아픔들을 정말 천국보다 아름다운 영상과 색감으로 표현한 것 같아요제 인생에서 최고의 영화에요 글로 쓰긴 부족할만큼 마음이 아리면서도 설레네요 이 영화는 말 그대로 천국보다 아름답습니다,1
24138,그냥 불교 선전 영화같다,0
9129550,살다살다 이런 영화는 첨보네요 다른분들은 속아서 보지 마시길.. 돈 아깝네요 그래픽은 1980년대 그래픽이고 스토리전개가 말로 다하네요 나참. 시간아깝네요,0
9135636,너무너무 중요한 날이라며 강조하면서 시종일관 불필요한 작위적인 주변부 이야기들로 집중을 방해한다. 치밀한 각색이 아쉽다.,0
4868814,춤실력..케릭터..스토리 뭐하나 스텝업과 비교조차 안되는 졸작~ 카피수준도 안된다..,0
1302338,전편이 좋았다,0
3931393,고전애니 너무 좋아요,1
9690421,가슴이 먹먹하고 아름다운 영화,1
9101273,이 지울수 없는 허전함.,0
9670802,악당이 오히려 안타까움,1
7255819,동성애자 실태보고 http://news.donga.com/3/all/20070518/8443553/1어느 동성애자의 양심고백 http://www.christiantoday.co.kr/view.htm?id=242243,0
10121809,옷은 정말로 ㅎㄷㄷ하더이다,1
7950186,진짜...원작 훼손 쩌는듯..ㅋㅋ,0
10232537,"나이에 상관없이 누구나 갖고있는, 이루어 질 수 없었던 첫사랑에 대한 기억이 아련함으로 다시 피어날 수 있게 해준 영화. 영화 자체만 놓고 봤을때 재평가 되어야 할 명작.",1
9990580,자신의 죄를 덮으려는 자와 거짓에 맞서 싸우는자. 목숨의 문제가 아닌 영혼에 대한 그들의 싸움. 마녀사냥과 종교재판은 신을 위한것이 아닌 인간의 탐욕때문에 행해졌다는것을 보란듯이 드러내는 영화.,1
10158092,뉴욕의 갱들. 지루하네유.,0
9890977,^^ 꿀잼 으헤헤헤헤 나름 잼나여,1
9817215,장화홍련과 함께 최고의 영화,1
4935134,엠마 탐슨 참 이쁜 듯.. 성숙한 연기란 바로 이런 것..,1
2218463,평화의 시대보다 나으니 10점,1
6656965,아이고야.. 이 좋은 소재로 이렇게 지루해서야 원..,0
9286061,송재림♥김소은커플너무좋아여!!,1
5183131,이건좀 너무했다....,0
7409486,한니발은 그냥조연인데 나름 괜찮았다. 꽤 괜찮은 스릴러다.,1
1346586,중간쯤에서 스토리를 짐작해버림...재미도 없고 지루함.,0
10218855,좋았어요 앞으로도 좋은영화 많이 만들어주세요,1
7477165,정말 이 극장판은 재미있었다고 생각된다,1
6083579,재미없다삐리뽕,0
9788647,아무도 몰랐지만 어느 누군가에게는 잊지 못 할 추억 그 자체만으로의 소중한 아름다움,1
6435056,원작의 내용과 다른게 흠이지만...,1
8905691,메인 포스터가 이 영화를 가장 짜증나게 하는 부분을 잘 말해주고 있다. 결말은 남는게 없는..,0
4316185,알렉산드라 마리아 라롸의 착한 마음과 그보다 착한 몸매.,1
10111788,"사회에서 소외받는 사람들을 주인공으로한건 신의 한수. 무리에서 떨어진 개와 꼬마 남자아이, 독거노인. 크던 작던, 화려한 소박하던 다들 꿈이 있고 그걸 이루는 과정이 아름다운 영화.",1
9283351,내나이 서른다섯... 수지에게 끌린다.. 아저씨 집에서 라면먹고 갈래?ㅎㅎ,1
7318090,시간 아까움1시간이상을 1명에 좁은 공간이라 보는 내가 답답함.,0
8568063,딱말해준다잉 안나온다,0
4030967,진짜.... 볼가치가 없는 영화네요....,0
8904129,"상세하지도, 침착하지도 않고 민영화에 대한 겉핧기에 치중한, 보이는 데만 짚고 넘어가는 다큐. 이건 민영화 입문용도, 그렇다고 민영화에 대해 대략적으로 아는 사람들을 위한 심층자료도 ㅇ안 된다.",0
2616588,10점은 좀 아니져... 너무 극단적으로 얘기를 끌고 간 감이 있네요,0
8602268,휼륭한 연기에 신랄한 연출까지 흠잡을게 없는 완벽함이 흠이라면 흠,1
8324607,3번 정도 봤는데 정말 감명깊네요벵상뻬레도 멋지구요이 영화 보면서 베트남에 대한 환상이 생기더라구요,1
7025904,펑점조절위원회에서 나왔습니다...(웃음)평점1점짜리는 아니지만...(웃음),0
9195217,권악징선 드라마네..,0
1878977,영화보는 내내 이뻤던 김정화의 모습은 보이질 않았다...,0
3878448,"휘발성이 강한 기억을 매개로 한 네트에서의 삶. 소령의 삶은 현대, 인간을 닮아 있다",1
4153374,위노나라이더의 할리우드식 오버연기. 할리우드다운 손발 오그라드는 결말. 겨우봤다.,0
9675338,"도대체 카메라 앵글은 왜 그렇게 돌려대는지, 어지러워서 토나오는줄 알았다. 머리 아파서 도저히 볼 수가 없어 포기, 대체 뜨니아는 누군지 궁금할뿐",0
1142605,좀 실망스러웠다.,0
9215382,재미없고지루함.고사1이훨씬긴장감도있으면서스릴도있고설득력도충분하고무섭기도했다.고사2는긴장감도없고무섭지도않고엄청잔인하기만함.,0
6174835,두배우의 예전모습을 볼수있어 좋았다,0
9765360,그당시에 같은 국가는 아니지만 하나의 뿌리 민족 이라는 개념은 고구려 신라 백제 모두 있었습니다.,1
7663020,대한민국 최고의 청춘 영화..,1
7490049,"내용전개 엄청빠르네,,,멜로는 역시 90년대가 최고인듯,,,,,,,좋다약속..",1
8603602,곽지민 팬이라서 10점줍니다 ㅋㅋ 독립영화이더라구요 ^^,1
10164790,진짜 개노잼 개개개개노잼,0
9098474,인간으로서 양심이 있다면 이런걸 보여주고 돈 받으면 안 되지,0
2770636,정점의 전쟁영화,1
10205363,왜 진작 보지않았을까...마음따뜻해지는 영화,1
8927314,재밌네. 연애애니 보는 남자덕후들이 일본연애영화 보고 싶다면 이거 보면 좋을 거 같다.,1
9815738,지브리 계속 되면 좋겠구만..,1
6651508,8점 주려다가 너무 낮아서 좀 올라가라고 10점 나름 재미있길래 검색했더니 티아라 맴버가 나오는군요;; 티아라 얼굴을 모르므로..;;,1
10150527,11점도 모자라다. 최고.,1
8128103,90년대초 영화를 늦게 개봉한 줄 알았더니 정석원이 85년생이네...,0
9199405,흠.. 매트릭스와 다른 오묘한 맛이 있는 영화같네요.,1
8374850,윤아는 가수만하는걸로...연기는 과욕. 시청하기 열라부담,0
7814558,150분이라는 긴 러닝타임이 이해되지 않을 정도로 빈약하고 뻔한 이야기 청문회씬은 오글거리지만 의미와 전율이 있다,0
2976614,이야 최고다 ㅋㅋ,1
5698896,신선한 발상. 발랄한 재치!,1
8162034,올해 최고의 드라마! 황정음 연기 압권이었어요,1
6406635,우와아아아... 진짜 재미없다,0
9133426,"정말 이런 영화 만들지 마세요... 감동을 주든, 재미를 주든, 교훈을 주든, 감정을 주든... 영화의 목적이 전혀 없는 그냥 싸이코 영화로 봤습니다. 이글 보고 감독님이 상처 받을 수도 있을까도 생각하는데 감독님 상처 좀 받아야 합니다...",0
178614,새하얀 재가될때까지 타오르던 죠 . 정말 명작입니다,1
6301754,"하,..... 우리나라 처음 영화 나왔을때가 더 나을듯",0
8420701,완전 별로진짜 왜만들었져??,0
6683146,넝쿨째굴러온당신짱!,1
91513,토나옴,0
7693955,짐캐리는 항상 최고,1
10102716,보는내내 그냥 좋았다.하지만 결말은 무엇을 말하고 싶었던건지 모르겠다.감독판이 따로 있는건지...과거는 어케하고 갑자기 현실에서 결말을 맺어버린건지...보는내내 잔잔한 미소를 머금게해서 그런지 결말을 이해못하는 나로선 더욱 반감이 가는영화다.,0
9734858,정말 재밌다 연기도 좋고 디카프리오 짱,1
8777652,보호자이란 새로나온 소재영화가 새로 나왔고 스릴도 넘치고 아이를 유괴하게되는 그런 보호자 영화가 생각이납니다 대박나십시오,1
8560322,액션영화인줄 알았는데 아 겁나 지루함. . . ㅡㅡ,0
3996917,재밌네 비슷한 영화를 안보신 분들한테는 재미있을 듯,1
10094011,보면서 내내 폭소하다 못 해 내장이 뒤틀렸다.,0
9343913,잼없다잼없다잼없다잼없다,0
8036553,잼있었어염ㅋ기대안하구봤능뎅ㅋ짱짱,1
8653030,상당히 잘 만들어진 영화. 사랑사랑 누가말했나~~,1
3878612,이제 그만~ 착한 조폭 몇이나 된다고,0
8674440,이 영화를 이제서야 보다니.. 감히 내 인생 최고의 영화중 하나로 꼽을 수 있을만한 작품. 어떻게 살아야할지 나를 위한 고민을 한번 더 하게 되는 시간. 그리고 모건 프리먼은 나이가 들어도 여전히 섹시하다.,1
5838633,살짝 아쉬운점이 있었지만 재밌었넹...,1
8019697,내주변을 정돈하고 천천히 하나하나 보자 그럼 하나하나가 다 기적이니까..,1
9230083,진짜 정말 재밋다 한국영화중에 최고다,1
2920168,다른 극장판시리즈보다 비교적 긴장감있는 탄탄한 스토리에염~^^,1
10099956,"""총 맞아도 끄떡없는 고라. """"암 물리력 면역 사실상 모든 공격 면역인데 당연하지!"""". 근데 어이 없게 1~2분있다가 바주카포인지 유탄발사기인지 그거 한발에 기절함.ㅋㅋㅋㅋ 그거보고 그냥 바로 끔. 장난치는 것도 아니고.""",0
10133805,더럽게 재미없다ㅠㅠ 뭐야 이게.,0
5292577,아....이런 어설픈 구성...소재는 좋았는데...쩝..,0
6251021,그정도 숲은 한국에도 많아요..속지마요..넘 재미없어요..우왕 차비아까워..,0
10148426,이태임은 당장 연예계 복귀하라! 남성팬들이 울부짖고 있다!,0
10078613,굳좋아요좋아요ㅎ좋아요,1
5386356,정말 재미있음!!!,1
9667823,나는 누가 이영화는 어떤영화냐 물으면 대답할것이다.당신 아버지의 이야기입니다.,1
2988488,연기 연출 촬영 편집 음악 어느하나 흠잡을 데 없다. 늘 추억속에 간직되고 있는 영화,1
4704944,이 영화는 뭘 이야기 하려는거냐..,0
5447554,한강 사장뉨 >ㅁㅁ신고,1
7612326,이거 재미없다는 섹히들 다 OOO 진짜,1
7744372,카이지를 뺏겻느니 라이어게임을 뺏겻느니 하는데. 그런 포맷의프로그램은 한번나오고나오지말아야하는가???전혀다른 것만나와야 한다고? 난 이런류 다 좋아한다. 근데 뭐 시청자를 우롱한다?개인의 생각을 모든 시청자를 대표하지마라. 거지같은블로거에게하는말입니다,1
7499531,뒤죽박죽 이야기 전개가 엉망이다,0
9943550,결말이 별로다가 아니라 서사자체가 똥망하고만 영화임 ㅜ ㅜ너무 이것저것 펼쳐 놓다가 이도저도 아니게 되어버린 영화 ㅜ ㅜ매우 많이 아쉬움,0
9120516,"옛날 추억을 떠올리며 즐겁게 봐서요.안타가운건 지라치를 선물로 주어도 다시 보는 사람이 대부분 없다.따라서 대부분CGV는 5일, 일부 CGV는 12일,후 영상시간을 볼수 없다.재밌게 봤으니까 되고,인기 없어도 괜찬다.",1
5227617,감독은 작가로만 만족을 하는 게 나았다. 좋은 배우들도 대충대충 출연료만 츄르릅...,0
9992269,이런 영화 만들수는 있다. 그런데 실화라는 말좀 붙이지마라.,0
9484641,그냥 좋아요....희태가 좀 불쌍하지만 드라마니 준이랑 일리 사랑하는 모습 계속 보고 싶어요....,1
7771104,재밌게 봄.,1
8620330,보는 내내 불편. 두 강간범을 죽인것은 인정. 하지만 자신이 정신이상이라 부르짖으며 어떻게든 풀려날려는 비겁함을 보고 또 다른 정의의 훼손을 목격한다. 결국 인종차별이란 것도 정의의 범주가 아니던가. 수단과 방법을 가리지 않고 자신의 정의만을 추구?,0
7577596,너무기대를했나요...전체적으로 지루한감이 많습니다.액션씬도 솔직히좀..별루였고 뭔가화려하고 볼거리도없고 스토리 내용은...산으로산으로 흘러 결말은 그냥 어처구니없이 끝납니다. 비추천해요~시간아까웠음..,0
8858411,다음편이 너무너무 기다려지는 드라마임!,1
9937430,그냥존나역겹고싫다 중학교1학년땐가 봤는데 ㄹㅇ 충격먹음 그냥 이거보면 기분이 개엿같다진짜,0
8534488,이게 무슨 영화냐? 컨셉도 없고 재미도 없고 감동도 없다.,0
8441833,재미 있게 봤어요!!!.!..,1
6648057,이 영화가 2008년에 만들어졌다는게 진짜 충격적이다,0
5429024,재앙이다 ㅅㅂ,0
8562543,모든 SF영화의 최고봉.,1
8142970,대박영화~ 남자들의 세계를 느낄수 있다.,1
9470298,콩!!콩!!!콩콩콩콩,0
10032565,개인적으로 소재가 참 아쉽다... 누가 비슷하게 제대로 만들었음 좋겠어요,0
9079123,이거 재미있어요 ..::,1
9648029,포스터 클라스 최소 복고풍.. 하드 뒤지러 갑니다.,0
5563376,나루토 ㅋㅋ,1
702816,극장에서 돈이 정말 아까웠던 영화..졸리씨에게 무지 실망했던.,0
6292221,지루하고 잘뻔했다..소요가 자켓을 얻기위해 뽀뽀를 하는 장면은 충격적이였다,0
5360287,용기를 낸 여주인공 정말 멋지다!,1
8825140,444 를 위하여! 다 힘씁시다,0
10248338,재밋음재밋음\재밋으미야ㅓ엉재밋음재밋어,1
9482222,계속 그냥 돌아가며 총쏘는 걸로만 끝나는 싱거운 스토리에 당황... 서바이벌 과정이 너무 빨리 끝나서 긴박감이 오히려 반감됐음. 솔직히 결말 등의 부분도 이미 많이 쓰는 클리셰였음.,0
10120958,좀전에 보고옴....ㅋ.ㅋ.ㅋ.ㅋ.ㅋ.ㅋ.ㅋ.ㅋ스마일리의 최대 피해자는 본 사람들임.. 젠장,0
9589214,씹노잼이다 .진짜 ㅋㅋㅋ,0
4272061,재미가 없다... 지루하다... '죽어도 좋아'의 외국판...,0
9838546,그냥 색다른 시선으로 만들어낸 완벽한 영화 최고입니다...,0
7216957,이렇게 지루한 공포영화는 처음인게 호러,0
6334479,1편에 비해 너무 허접함.,0
2192935,good,0
9991184,"시대를 앞서간 액션, 그리고 철학.. 그리고 미국의 '웨스턴 무비에 대한 감독의 오마쥬.. 훌륭하다.",1
10264591,재미없음 평점이 속았습니다,0
9855025,왠만하면 평점 등록안하는데 진짜 쉣임이게 어떻게 개봉 할 수 있었지?? 감독 삐꾸인가?,0
9465148,사회현실 반영에 이국적 정취까지 가미한 노력에도 전체적인 분위기는 고리타분,0
10111788,"사회에서 소외받는 사람들을 주인공으로한건 신의 한수. 무리에서 떨어진 개와 꼬마 남자아이, 독거노인. 크던 작던, 화려한 소박하던 다들 꿈이 있고 그걸 이루는 과정이 아름다운 영화.",1
9842171,오페라의유령 현장에서 보는것처럼 실감나게 잘봤습니다. 다음에 또 보고싶네요~,1
9707860,별로 였어요. 묘사도 대사도 배경도 맘에 들지 않았어요.,0
8627325,tv 전기세가 아깝다!!!,0
10238547,20년전 봤던 그때의 감정 기억이 아직도 생생함제인생 최고의 영화,1
8641017,멀기대하냐 품번알아봐서 그거나봐,0
9200196,판타지 영화가 이렇게 감동과 여운을 남길수도 있구나 싶었던..이렇게 긴 영화를 딴짓 할수 없게 만드는 몰입력..14년전에도 저런 영화를 만들다는것.. 스토리가 탄탄하고 연기자들 모두가 대단했다는 것 이 모든게 평점이 높은 이유였음을 깨달음.,1
8183782,주식 해보려는 사람한테 한번정도는 보여주자,1
6759802,정말 올해본 영화중 최악의 영화다 ㅠㅡㅠ 절대 보지 마시길..,0
10275179,모야아ㅜㅜㅜ 애니 뒷이야긴줄알고 봤더니 짜깁기야...실망,0
10202099,There are no innocent civilians. 전쟁에 무고한 민간인은 없다,0
5988577,다운어디서받나여,1
8878932,내스타일은아닌거같다ㅡㅡ,0
8957098,지금보면 뭔 내용인지 이해도안감 아무리 평점 높게주고싶어도 이건 해도해도 너무함,0
9931785,거의 10여년만에 다시보는데도 소름이 끼칠정도다내가 감히 평가 하는게 죄송스럽다10년 뒤에 또 보고싶다 그리고 또 10년 뒤에도...길이남을 수작이다,1
5390497,정말 화려한 캐스팅이지만.. 영화의 내용은 별로 였다..,0
8807131,"알지 못햇던 엄청난 영화엿다. 긴장감과 치밀한 각본, 러셀크러우의 완벽한 연기가 만난 영화",1
8726341,최고다 무슨 말이 필요할까,1
7018188,선동영화,0
3820863,꽤 괜찮았어요!,1
6597745,너무 유치하고 안무섭다,0
9967763,핵노잼...내 취향은 아니듯..,0
4186843,현실적인 어려움들을 극복하고 결국 해피엔딩을 맞이하는 모습이 인상적이었다..,1
2969259,이뭐....킬링타임용으로도 부족하다....,0
10005197,동물을 사랑하자!!!암튼 재미는 좆to the망,0
10117399,여태본 한국영화중 3손가락안에든다,1
7856422,짱짱맨,1
7772311,"평점이 너무 높아서 낮춰야 될것 같네요. 주연보다는 조연이 돋보였던 것 같네요. 이수경씨랑 배역이랑 조금 안어울리는 것 같기도 하고, 너무 아줌마처럼 보였달까? 그에비해 이문식씨 부부편이 가장 인상깊게 봤던 것 같네요. 그냥 킬링타임으로도 부족한 영화",0
4317630,처음으로 독립영화를 좋아하게 만든 영화. 재밌게 봤습니다,1
9914471,최고네요. 다큐보고 눈물 흘리기는 처음입니다.,1
9166955,아이언 화이팅!♥ 오늘이 마지막이라 아쉽네요,1
1172068,"액션만 본다고 쳐도, 내용이 너무 황당+무재미",0
2629930,유치하기 짝이없군,0
8788514,이영화는 개볼루션 이다 . 나의기대를 처참히 짓밟고 드래곤볼을 망가트린....,0
9413124,여자로서의 삶을 포기할 수 밖에 없었던...,1
9981673,어릴적 비디오로 봤던 영화 그때의 평점,1
7704311,0점은 어떻게 주는건가요ㅡㅡ,0
8662999,시대를 넘나든 웃음+감동 그자체. 내게있어 BEST5안에 드는영화!,1
10226158,아무리대단한코치라도 대단한선수들을만나는건 쉽지않다,1
5165071,아........................................................................,0
7300264,망상속 영화를 만든 작품 같아요. 쯧쯧쯧,0
1670591,"해안에갖힌 고래와같은인생, 스스로 선택한 불행... 멋진영화다",1
6511911,아 짜증.. 걍짜증 왜만든겁니까? 예술하는사람들중 제대로이고 멋진사람도 많음.. 아 완전 찌질..,0
6724182,무~~~~~~~~지 재미있어요,1
1570240,그리워.,1
7846340,한가지 고민보다 남기는데 ... 어찌 엄마르르ㅡ,0
3482636,좋은 영화였습니다.왜 재미없다고하시는지;; 군사와 법률 좋아하시는분 추천합니다,1
7774567,오 재밌는데,1
9679917,"말달리는 장면 10분, 마굿간에 말과 수레 꺼내고 넣기 20분, 아버지 옷 갈아입히기 20분, 우물에 물길러가기 10분, 감자 먹기 20분, 창문밖 바라보기 10분, 술사러온 아저씨 10분, 물먹으러온 집시 10분, 등불켜기 10분, 기타 20분 끗",0
7317180,진짜재밋고 연기도다잘하시는데 이경이가당한만큼 못갚는게짱남 ㅡㅡ,1
8111646,점점 잘생겨지는 지단이형~,1
3844276,"시간 절라 안가는 영화는 또 첨이네...@,.@",0
5876642,영화는 쓰레기 에로물인데 미야우치 토모미는 영영 AV로 진출안하는감?,0
7447686,평점에 가려진 수작,1
3748644,정말신나게 봤어요*^^*,1
8060971,코메디 답게 격투씬에서 웃겼다. ..,0
9303888,유리아 슴가와 꼭지가 넘이뻐서 10점,1
9502425,직쏘게임 속과 그 바깥에서 투트랙으로 전개되는 이야기구조를 스릴있게 잘 살렸다. 역시 기계장치 살인게임은 데스티네이션과 쏘우밖에 떠오르지 않는다.,1
9732905,일도아까움 최악 돈주고봐서 억울해,0
3010260,좋ㅎ음,1
6766159,그럴듯한 엔딩으로 마무리 지으려하지마..,0
9939200,오리지널 스토리였음 이런평점을 주지는 않았겠지만 원작훼손죄가 너무큼 보는내내 불쾌했음,0
4924501,"스토리하며,, 연출하며,, 대사하며,,",0
5590780,훈훈함 박신혜가 예쁘게 나옴,1
6140149,진짜드라마 질질끄네ㅡㅡ 할머니 왜저럴까 보는내내 확닥질 난다,0
5398418,약하다!! 무릎팍나올시간에 영화에 더 투자했다면.....,0
3372657,평점 좋길래 다운받아봤다가...... 이뭐병....ㅡㅡ,0
6831536,기대 안하고 봣는데 재밋네ㅋ,1
6947733,크윽...이것이 내 항마력의 한계인가? 그럴 리가 없어!,0
8020622,코믹 감동 최고 큰소리내고 웃긴처음,1
9305945,나무아미타불관세음보살,0
4940386,반담의 정석,0
6438114,"미안한데 내가 영화과 나왔다. 이 영화 쓰레기다, 보지마라.",0
2614477,정말 sf치곤 너무 지루하고 재미없었다.,0
10050565,왜 이 영화를 이제야봤을까?시나리오 좋네~ 신세계가 남자 건달영화라그렇지시나리오는 부당거래가 훨 낫네류승범은 이미 5년전에 본인이 형땜에 배우가 된게 아니란걸 증명했네이미 그전에 주먹이운다도있었지만이게짱,1
9323044,니들이 영화를 알아???,0
9448570,.터키 비정상 에네스 ㅗ,0
9800948,팬심으로도 못보겠더라... 나른하다못해 지루하고 겉멋만 잔뜩든 느낌. 그러나 전혀 멋지지않음..,0
4692790,이안감독이 재미로 만든 영화같다고나 할까,0
9420406,별점1점도 아깝다.이런 드라마를 지상파에서 고집하니 케이블의 완성도 있는 드라마에 밀 리는거다.쓰레기수준의 작가드라마는 더이상 방송되지않고 퇴출되길~,0
9989020,와.. 이게 20년전영화라니 ㅋㅋ 내가 살면서 본 영화들 통틀어 올타임베스트를 꼽자면 무조건 '인셉션'인데 20년전영화라는 걸 감안하면 이거랑 인셉션이랑 투톱으로 해두 될듯하군,1
10152273,형님 그대안의 블루는 도대체 어떡해 만드신거에요?ㅜㅜㅜ,0
3060175,시간이 지나도 기억에서 지워지지 않는다.,1
714337,마지막 테러범 소탕할때만 재밌다. ;;;,0
8489235,재밌음 생각없이 재밌게 볼 수 있음,1
9858352,제니퍼로랜스 연기개잘해요,1
2823974,어둠 속의 유령 135명의 희생자 케냐숫사자2마리 작품 도좋고 연기력 극찬!!,1
9289196,크리스마스 뉴욕 뭐설레지 설레는데 저런열린마인드랑 억지스런여자의운명타령... 나도운명을믿는편이지만 이건짜증남 할거다하고 그런것도찾으시고 뭐하는거지 어장아닌가싶네,0
9749575,말 그대로 청춘정담. 그 시절 우리들 모습,1
6711121,환타지 같이 공감이 전혀 안되는 드라마,0
9784424,이 드라마를 보고 신선한 자극을 받았다. 1주일간 속앓이 한듯,1
349967,초딩영화는 그만깝치라고!! 갈갈이들아!!,0
198609,어제밤티비에서봣는데진짜재밌었어요ㅋㅋ,1
9024217,박준형 저거 때문에 1점 준다!,0
8015692,영화안보고 1점준 사람은....너무 심했어요,1
9772035,만화 코스프레를 뛰어넘어 연기와 액션이 최상을 선보이고 있다.,1
6724614,성님들10점좀줘요,0
3126511,ㅋㅋㅋ 소리마치 멋있다 ㅋㅋ 나나코랑 너무 잘 어울림,1
1475194,시간이 아깝다...제길 보지마셈..,0
618718,없어도 너무 없는 영화.. 예술도 재미도 없다,0
9339770,과학의 발전이 악용됐을때 인간의 존엄성을 어디까지 해칠수 있는지 보여줬던 아주 잘 만들어진 영화인것같아요. 시간순이 아니고 과거가 중간에 들어가있어서 예상치 못했던 반전도 있었고.. 암튼 잘 봤음 역시 페드로 알모도바르네요,1
7547579,먹먹하다.,1
8290875,풋풋한 맥라이언 연기 인상깊어요.,1
7665234,재밌게봤어여ㅋㅋ 공룡 진짜조아하는데 스릴잇구 마지막에 감동ㅠㅠ 또나왓으면 좋겠어용ㅋ,1
8091242,일지매 지금 봐도 너무재밌는 드라마!,1
7928987,어제 화신은 클라라의 섹시논란인지 뭔지로 시간 다잡아먹고 승리 스캔들로 또 시간까먹고 김구라는 계속이상한 질문만해대고.원나잇했다는데 박수펴주는 방청객하며 여러모로 대다나다..화신 초기 포맷이 훨씬좋다 야심만만st같은거 그때 애청자였는데..,0
2109188,폴더플러스에 babyjuly님파일 기간끝난듯해여 없어졌네여,1
10083576,모두 늦기전에 밥이라도 한번 해줘여 ㅎㅎㅎ,1
2079674,"플래닛9점호러,액션,유머완전B급영상쩔어.프루프쓸데없고잼없는지지배들수다5점",1
4126501,굿,1
1778081,조낸 속았네 구리다의 극치 조낸 유치,0
3439968,의외의 수작이다. 정말 느낌 괜찮은 영화.,1
9899933,평론가들 뭘 모르네 너무과소평가받은 영화,1
7487818,성동일이랑 조권 캐릭터랑 잘어울리네요~~아이들데리고가족끼리보기 딱좋은영화~~,1
7781684,제목과 포스터만 봐서는 굉장한 이야기가 나올거 같다. 하지만 막상 보면 그렇지 않다. 일본 특유의 영화 같지 않은 드라마 영상미와 이도저도 아닌 싱거운 스토리. 마지막에 딱히 주는 것도 없는 이야기. 김빠지고 뜨거운 맥주다,0
5016913,잔인함을 살리려다 영화 전체를 죽였다.,0
9690612,전범기 개극혐 10자공백,0
3742549,전미선은 어디다 붙여놔도 연기소화를 다 한다...본인에 맞게-,1
4393150,돈내고보면 정말로 후회한다에 100건다,0
8561801,기자들.. 전문가??.. 도대체 어떤 인간들??,1
5348396,오시이마모루는 항상 그림이 아깝다. 할말이 많으면 차라리 책이나 쓸 것이지...,0
6889747,지금까 본 중 최악의 드라마.도대체 이런 드라마로 뭘 말하고 싶은건지?,0
6576041,재미는 없다..,0
9393322,"아니, 태풍이 부는데 어떻게 헬기가 뜨냐고....",0
7593503,진심 재미없음.,0
2731460,기대 안하고 보니까 영화가 가슴으로 들어오네,1
6625770,감동과 열정과 환희를 이끌어내었다. black&gold는 걸작이다..,1
6930077,이런 영화는 왜 만드는 걸까 진심 궁금,0
1460057,10년 전쯤 TV에서 한 번 보고 잊혀지지 않는영화 또 보고 싶은데,1
3080877,연기도 어설프고..내용도 구리고.. 볼만한건 마지막 액션부분 밖에 없잖아 --,0
3077561,10번을 봐도 재밌다. 이 영화가 유명하지 못한게 한스러울 정도로...,1
9451129,수도 없이 보고 또봐도.. 내인생에 다시없을 영화,1
9830180,지금시대에 더맞는 명작,1
8776358,참 좋은영화다. 느낀점 뿐만 아니라 라이언빙햄 매력있네,1
8658939,짜집기 하려거덩 잘 하던지 이게 모냐,0
4603903,능글맞은 믹키루크 놀아나는 팀베신져,0
4275988,ㅋ..........개지루해30분보다가관둠,0
8129559,내가 롭 코헨을 싫어하는 것에 대해 별 이유를 붙이고 싶지 않다,0
9191570,말이 필요없네요 마지막에 소름이 쫘악오만과편견 진짜 좋아하는데겹치는 부분도 장면도 많아서 재밌어요해피엔딩이 좋지만 이런 엔딩은 여운이 길어서 또 좋아요 ㅠ,1
8145279,어이 없는 마지막 10 분,0
1323068,좋은영화인데... 인간들이 얼마나 자유를 억압하하는지 알수있음,1
9964730,영상미예쁘고 스토리도 색다르고 나름 빠져서봣다 결말도해피라 더좋앗다,1
9805421,평점알바하지마라 인간드라,0
6080679,진짜.. 재미없던데.. 몰입을 못해서 그런가 걍 별로 ㅠㅠㅠ 아기만 고생한 것 같아..,0
5939679,재미없어라..,0
3816306,"빨간 풍선을 따라가는 아이, 아이를 통해 행복해지는 이들.. 아름답다..",1
4782123,첫판보단 마음에 들지 않지만 괜찮습니다.,1
7028835,난 왜 눈물이날까,1
6666748,"재미있고 느와르하네요, 악평하는새끼들은 대체뭔지.. 영화도 볼줄 모르는새끼들이 개도 아닌것들이 개소리는 잘 내요 ㅋㅋㅋ",1
8929387,"신예감독?? 저예산영화도 줄겁고 재밌을수있다.라는 상식을 깬 영화. 구냥 외국영화 따라만든 현실성제로, 몰입감제로, 특수효과제로, 출발비디오여행에 한번 안나왔으면 존재감없었겠지.",0
8520430,코믹한 좀비ㅋㅋ 흑돼지 볼링공ㅋㅋㅋㅋ,1
7843805,ㅅㅂ 감독 대가리에 머가 들었노? 아주 족같다..ㅅㅂ,0
2560717,이야~~개성잇는 캐릭터들때매 굉장히 재밌었습니다~,1
9382339,0점 주는이유 발연기가 별로임 목소리도 ㅎㅎ,0
9932577,아~정말 너무너무 지루하다짧은 스토리 몇개 넣어서 만들고 영화라니~역시 뽀로로 영화만한게 없다,0
9802929,지식인에 물어봐서 겨우 찾음. 어렷을때 보다가 펑펑울었엇다,1
8422720,'슈미트에 대하여' 이런것도 원어로 봐야겠냐? 알파벳도 아닌 한글로쓰면서. . . 왠만하면 번역좀 해서 쓰자,0
7892587,와 진짜 개답답한 영화 ㅡㅡ마지막에 제임스 때문에 열뻗침ㅡㅡ,0
8793687,너무 기대했다....너무 기대했어....책은 정말 ..말할게 없는데 영화는..하... 너무기대했어,0
8400501,이걸 볼바에 차라리 그시간에 멍때리고 있는게 더 낫다,0
819224,조용하지만 재미를 두루 갖췄다,1
3811997,꽤 흥미로운 정치스릴러다. 테러를 촉발시킨 사령관의 과잉됨이 좀더 몰아갔으면하는,1
1732827,"신하균도 김희선도 발연기하고 허무맹랑한 내용, 김민준까지 에러된 졸작",0
7935113,배우들이 아깝다 최민수와 김영철로도 못살려내다니,0
9592488,열파참 시절엔 상상도 못했던 대역 ㅋ,0
890960,북극을 녹일것 같은 손범수씨 러블리 보이스~~아..ㅠㅠ,1
8665762,되게 뭔가 그럴듯하게 보이려고 애쓴듯,0
8877881,굳굳이굳굳굳굳이굳굳굳굳,1
3818700,"보는사람은 돈낭비,듣는사람은 시간낭비.합쳐서인생낭비.이거보느니 그냥잠이나 자라.",0
2661544,결국 무너지고 마는군...,0
7696280,"현실의 끝이네요. 아직 결혼도 안한 사람이지만, 뭔가 크게 공감될만 하달까요..많은 여성분들께서 공감하실 수 있지 않을까 해요! 모든 여성들에게 추천하고픈 영화!",1
10041409,"장진 감독은 대단한것같다. 연출력도 연출력이지만, 분명 비슷한 내용으로 소재만 바꿧더라면 흥행했을법한 시나리오를 단순히 재밌어서인지 하고싶은말인지는 모르나 표현하였다. 그의 선택과 배우진의 연기력은 정말 일품이었다.",1
7119417,그지같음 왜18세인지도모르겠고 다아는얘기고그냥 공포영화보고싶으면 1편만보고끄세요,0
4341085,꺅 기범 오빠 멋있음~! ㄴㅋㅋ,1
784821,평점..너무 높다~,0
9045746,별 반개도아까움ㅋ 예전 하지원나온영화 가위랑 거이 비슷함 그영화에 억지로 분신사바하는거 끼워넣은 영화ㅋ,0
8010355,"제가 연기를 논할 자격은 없지만 명연기로 멋진 드라마 보게 해주셔서 감사합니다. 드라마 자체를 잘 안보는편인데 파스타, 골든타임 보니까 왜안봤을까 싶네요. 감사합니다~",1
6734741,빠른전개로 이런 막장내용은 날려버리시고건강한 내용으로 돌아오소서,0
5389984,"액션,연기,연출,각본 뭐하나 제대로 된게 없다.",0
2334005,정말 기억에 남는 시트콤?드라마? 암튼 꼭 시즌2 했으면 좋겠어요!!!,1
1272591,"조페, 무어, 올드만, 듀발, 이들이 뭉쳤음에도 불구하고",0
9296662,이건머지.. 절대보지마세요,0
9283024,결론 바람피는건 나쁜짓임. 소론 다이안레인의 성숙섹시미 끝장.,1
3643501,개연성이라고는 눈꼽만치도 없다.,0
10106030,이정도면 2.22 되겠지,0
94365,남들이 뭐라는지 몰라도 전 최고의 영화라 생각합니다,1
9854930,샬롯때문에 9점줍니다,1
8330327,씨엔블루 FT아일랜드 너무 좋아요~~♥♥ 짱 재미있어요,1
6481051,전달되는 게 아무것도 없다. 키이라 나이틀리를 왜 쓰는지 알 수 없다. 비주얼도 연기도 꽝.,0
9030360,어우 진짜 재미없네 뻔한 내용 무슨 연기의신이야? ㅋ 평범하구만,0
3564920,지금 보고있다 ㅋ,1
8159302,진짜 제목그대로 얼간이들의 집합소~ 빵빵터집니다,1
4854530,남자배우가 매력있네요 서기는 물론 예쁘고 ㅋㅋㅋ,1
2039314,피곤하다,0
6467005,마지막이 정말 기가 막혀 그냥 그 아저씨가 씨이코인게 더 나을듯,0
5044039,아 제발ㅋㅋㅋ 이거 광고임 ㅋㅋㅋㅋ???? 그리고 이거 뮤비해도 나왔음ㅋㅋㅋ,0
8643838,또보고 또보ㅏ도 안 질리는 영화!,1
10123753,솔직히 1점 주는 애들은 이 영화를 제대로 본 것 같지 않다고 생각한다. 색안경끼고 본듯 ㅎㅎ,1
327331,이와이의 또다른 면을 이해할 수 있었지만 내 취향은 아니다.,0
10190446,별하나도 아깝다.. 무슨 연기를... 몰입도가 없어,0
10219001,그냥 진짜 재미가 없어요,0
7902071,드라마너무심햇다.......답답하다...아이유는 그냥가수하시지.....왜나와서.....정말답답하다....정말답답해서글올려요....드라스토리너무막장이애요....아이유님 표정연기하는거보면....밥먹다가밥맛이뚝....가수로는정말멋진데....드라마왜함;;,0
9985719,chun****님 인간적으로 평점 왜저리 올려준거지요? 평점 보고 보다가 개망했네요.. 나라도 0점을 줘서 평점을 낮춰야겠어요.. 열심히 만들었긴한데.. 액션을 기대할 순 없는 작품이네요..첨에 스토리좀 만들고 시작하려나보다..했는데.. 계속 스토리만,0
24061,종철이오빠 홧팅 글고 모두 홧팅입다../,1
745914,새벽에 무심히 보다가 뭔가 가슴에 .타격을 입음,1
6102067,단지 이상형인 이기선씨 때문에... 영화도 굉장히 수작입니다.^^,1
515135,구성 재미 감동 다있다.,1
7246285,무섭지도 않고 잔인하지도 않고 이건 멍미,0
6947870,겨울은 춥고 영화는 썰렁하다.,0
8730020,드라마 재미없게늘구네요,0
7826234,마지막 대결결과? 안알랴줌^~^,1
9398502,B급도 안 되는 듯... 엉성함,0
5209185,I know~ ㅎㅎ 행복해지는~,1
9550237,발연기에 무슨 평점이 필요한가,0
3741010,이런거 싫다... 유열 진짜 실망이네,0
38357,우쒸~ 게임 줄거리라니....짱나,0
9938005,잔잔하게 그리고 마음에 뭔가 콕 와닿게 봤던 영화입니다. 음식과 음악과 영상과 그리고 사람들....,1
10099370,그냥 애니 다시 보는게 그게 더 재미있을듯,0
8330748,"트랜스포머따라해서1점, 재밌어서 +3점",0
8782831,코미디영화계의 디워... 이건 뭐 시나리오도 없이 찍은 수준 ㄷㄷㄷ,0
714516,정말이지 조용한 영화이다. 마지막 부분은 멋있었지만..ㅡㅅㅡ,0
9316521,난 평생 이연희같은 여잔 못만날꺼야.. 이연희 발톱과도 못만나겟지.. 평생 혼자살아야겟지....,1
7541397,레슬리같은 의사라면 10억을 주어서라도 주치의로 삼고 싶다ㅠㅠ,1
4889911,별하나는 양익준연기. 그나마 양익준도 배역이 너무 안맞는다.,0
6528241,그닥..,0
10164140,우리나라 영화평론가평점들 다OO보세요 북한을 조금이라도 안좋게 보는영화는 평균이상이 안됩니다 근데 선동식영화는 기본이 7점이상대임 ㅋ 대단들하다,1
8170802,이건 무조건 자막판으로 봐야 제대로 재미짐..더빙으로 할꺼면 목소리톤이라도 비슷하게 하던가..원본보고 더빙보면..무슨 어린애들 장난하듯이 하는것도 아니고.,1
7739077,10점은 됩니다,1
9744058,이 영화 짱짱 재미있음!!,1
8083639,당신이 피규업니까 머하자는 겁니까,0
4659349,너무 난해하고 추상적 detail 에 집중력이 다소 떨어지는 영화.,1
10061702,정말 안무서웠다 공포영화를보면서 긴장안하기는 처음;,0
3936060,평점이 넘 높네요 차라리 애니를 만들었으면 날뻔한 영화.,0
8923731,한국판 노팅힐!(실은 노팅힐보다 먼저나왔지만) 언젠가는 다시 보고싶은 임창정의 멜로연기!,1
7698821,보고싶다,0
4192041,투박하지만 진솔한 메시지를 담고 있는 영화. 음악이 뭔지 알게 해준 영화...,1
7471283,감동적이었습니다. 감사합니다.,1
4927060,진짜 브리트니머피 연기력 대박 와 진짜,1
5695638,아오~그 부조수자식 바다로 던져 버리고 싶은 충동과불쌍하고암튼짜증만남아있네!에이 찝찝해,0
5434892,앞으로의 스토리 전개가 기대됩니다^^ 장나라씨 오랜만에 보니 좋내요,1
9151932,원작 혹성탈출에서는 인간과 유인원의 전쟁이지.. 빅풋과의 전쟁이 아니죠! 그리고 저 빅풋은 지능도 없네 에효~ 시저는 말도 하는데.,0
6624395,오글오글 개허세 허세도이런 허세가없네 보는내내 오글거리고 막장이고 똥멋든 깡패의 사랑이야기,0
7899504,내게 가장 큰 여운을 준 영화이자 내가 고전영화에 빠지도록 첫발을 디디게 해준 영화이다!,1
165255,꼭 한번 보라고 추천하고 싶은 영화,1
8016431,하룻밤의 댓가는 평생 간다. 아이를 핑계로 자신을 합리화하는 더러운 보슬영화.,0
9317886,내 인생의 영화 중 하나. 충격 그 자체. 하지만 지금은 다시 볼 방법이 없다...,1
9946765,제8요일의 느낌을 다시 받았네요...,1
8135903,최고 영화관에서 보니 더 애틋해요 ㅋㅋㅋ,1
9284095,첨엔 좀 나름 치밀해보이고 괜찮다 싶었는데... 탈출계획이라는게 고작 감옥 난동 유발시키고 그틈을 타서 탈출... 그리고 람보와 터미네이터의 무적총격전으로 간수 다죽임....ㅋㅋ 이게 끝ㅋㅋㅋ,0
6066338,말레이시아 대작의 위엄,0
3077873,전나 재미없다..,0
5411118,잘 봤습니다. 안중근의사님 감사합니다.,1
9516217,정말 이런 여자가 있을까,0
7920934,진짜 이번에 정주행 한번 더 해보았습니다만...개재밌더라고요!!@@,1
6544656,최고~,1
7497581,야구를알고 야구를좋아하는 사람이라면 이영화가싫을수있을까...,1
6036041,무슨 놈의 영화가 보는 내내 짜증이 나는건지. 연기는 차치하더라도 짜증나는 전개다.,0
7185321,프랑스에서 만들면 13구역인가...,0
8845605,끝나서 아쉽네요. 그동안 재밌게 잘 시청했습니다,1
2211223,지루하다,0
7877062,강배우님이 잘 살려낸 영화.역시 코믹 멜로에서 빠질 수 없는 캐스팅 '강지환'.강지환 만세♥♥♥,1
5142974,엘도라도: 황금의 도시 엘도라도: 태양의 신전 엘도라도 - 미니시리즈,1
8537548,참새들이냐....아 유치...스토리 그냥 화난다....,0
6429886,레슬리닐슨의명작 으 할아버지 ㅠㅜ,1
8814676,뭉클해지네요. 역시 인간 만큼 탐욕스런 동물은 없죠.,1
1129393,신도 싫고 인간도 싫다,1
7439974,각본이 대단하다....한줄한줄 머리싸매고 썼을것같은 좋은영화...,1
9913303,아 너무 잘본영화 추천 간만에 출발비디오여행이 좋은 영화 추천해줬네,1
5630592,"사건의 진실과 범인은 역시나 초반 예상 그대로였고, 반전은 가소로웠다",0
8722510,정말 초등학생때 나를 클레식 세계로 이끌어준 영화,1
3234066,한국 sf중에는 그나마 좋다.,1
7059676,"벌려놓는건 그럴듯했지만, 뒷수습 어쩔...",0
8952172,어딜가나 문제는 항상 티모,1
9703287,마이클 잭슨 나오는 영화,1
5349708,"오락영화로소, 시리즈물로서의 재미는 충분하다~",1
257080,절망속에서 발견해낸 희망!,1
9861836,이 영화가 8점 아래라고? 전문가 평점만큼이나 이해가 안간다.,1
4099362,맞는말..12세이상관람금지,0
9618671,스폰지하우스에 감사합니다. 잘봤습니다.,1
4928231,별 반개도 아깝다..,0
8561975,"http://blog.naver.com/cjstkrkwn/40207983729 보고나니 더 좋은 영화, 생각할 수 있는 영화..!!!",1
9910501,"The Hobbit: An Unexpected Journey, 2012",1
7959568,진정 영화다,0
10123417,이토록 가슴아픈 이야기였던가..,1
10105797,기대없이 봤는데 진짜 개잼 특히 여주 로즈가 매력있게 나와서 몰입됨! 거기다 겁나유쾌,1
9691794,오늘 13일의 금요일 핛핛핛,1
9343697,진주만보다 더 재밌다..,1
1984942,나는 태어나서 영화에 1점 처음 준다,0
9711884,스즈미야 2기 보고 이거봐라 진짜 명작이다 이제 엔드레스 소리만 들어도 소름 돋는다 진심,1
7007227,제가 일지매와 버금가게 좋아하는 드라마...이런드라마좀 많았으면...,1
8243800,아 드라마 보면서 살다살다 이래 열받는 드라마는 처음이네 욕나온다진짜 드라마를 지 꼴리는데로 쓰네,0
9611828,감성적 따뜻함. 희망적. 기적소망. 훈훈.,1
2067758,막장영화따위,0
8750652,이게 평점이 왜이렇죠? 존나 영화보는 눈까리가 다 썪으셨나,1
7130412,페미니즘은 없고 사막은 있다,1
9561694,1점도 아깝다....,0
6777741,약간은 오글거렸지만 그래도 풋풋한 사랑이야기가 정말 좋았다,1
8691525,아무내용이없어 한시간 돌렸다~ 남은시간 3시간; 드라마인가? 화면도 에로영화 화면에 에로감은 하나도 없고 왜 스릴러라고 써놔서 아까운 포인트만 날렸네~ 바로삭제,0
810486,리얼리티영화라고 구라친영화..다 배우들이 연기함,0
7316357,"마무리가 조금 아쉽지만, 재밌게 봤습니다^^",1
1810253,대한민국 최고의 시트콤,1
6483486,은행가서 캐쉬해와,1
4707849,진짜 이런 영화좋아하는데 이건 아니네 ...후반갈수록 코믹,0
8741647,복수로 시작해서 연민 사랑.. 죽을 병을 가진 늙은이와 술집 접대부 아가씨. 진부해 보일 수 있다.,0
4542151,"재미없고, 지루하고, 잔인하기만하고.. 지루함의 극치 ㅡㅡ",0
7230116,영화 끝난후 멍..가슴한쪽이 솨한느낌?나이 들어서 꼭다시봐야지..그땐 또 다른느낌이겠지,1
9338022,소오름 퍼펙트!!! 연출..,1
4202230,이씨 난 속상했어...짜증나...,0
7561809,"상징과 은유, 관용을 그릇되게 해석하여 감독의 자위로 끝나고 만 영화. 자위용 영화라면 상업자본과 스타를 배제하고, 개인의 자산과 신인 배우로 달려드는 호기를 부려봤으면...",0
8636057,신선했었다. 올해 9월개봉작 뭔러너? 예고보는데 이 영화 생각나길래..,1
8496220,본능만으로 살아가는 인간들은 비참한 말로를 걸어갈 뿐이다.,0
4862865,같은 감독의 진짜 명작 '퀼스'와 비교하면 이건 먼지 수준임. 아니 똥이랄까?,0
10164902,느낌이 팍 오네요.평론가 평점이 안좋아서 좀 그렇지만,1
